0,3.17373e-05,0.0212637483,0.0011783858,7.1135e-06,1.368e-06,0.0637808482,0.0004484268,1.58687e-05,1.6416e-06,0.0365028728,5.41724e-05,0.0091392613,1.72367e-05,4.6238e-05,5.472e-07,0.0228659371,1.20383e-05,0.0062766074,0.0005132695,2.736e-07,0,0.0003928865,5.4446e-05,2.1888e-06,5.472e-07,5.472e-07,0,0.0031302326,4.9248e-06,0.0034413133,0.0019827633,0.0010440492,0.0010019152,0.0001119015,3.66621e-05,5.5814e-05,3.8304e-06,1.45007e-05,0,0,2.736e-07,1.20383e-05,2.736e-07,6.73051e-05,0,4.9248e-06,0,6.48427e-05,1.6416e-06,0.0012694938,1.0944e-06,6.59371e-05,0,0.0001083447,0,0.1396987688,1.09439e-05,0.0011863201,3.5568e-06,0.0085045144,1.0944e-06,0.006471409,3.5568e-06,0.0041926129,5.472e-07,0.0008142271,1.86047e-05,0.0024623803,4.9248e-06,0.0110336525,2.2435e-05,0.0451173735,6.12859e-05,0.021170725,3.28317e-05,0.0602831737,9.68536e-05,6.5663e-06,0,0.0001264022,2.736e-07,1.17647e-05,0,0.0016719562,0,5.472e-06,0,0.0007674419,0
2.41758e-05,0,0.0008585165,0.0694343407,8.242e-07,7.1429e-06,4.36813e-05,0.0593538462,0,5.4945e-06,1.34615e-05,0.0488291209,7.6923e-06,0.001768956,0,2.52747e-05,7.1429e-06,0.0010247253,0.0006574176,0.0056593407,0,0,1.37363e-05,6.51099e-05,2.747e-07,5.495e-07,0,0,4.9451e-06,0.0009142857,0.0013681319,0.0009392857,0.0007491758,0.0022228022,0.000160989,0.0001975275,9.3407e-06,2.91209e-05,0,8.5165e-06,0,1.84066e-05,2.747e-07,1.56593e-05,1.0989e-06,0.0001159341,0,1.37363e-05,1.6484e-06,0.0001173077,2.4725e-06,0.0007535714,8.242e-07,2.747e-07,2.747e-07,2.11538e-05,1.26374e-05,0.1474854396,2.41758e-05,0.0043230769,1.53846e-05,0.0070675824,6.044e-06,0.0075516484,1.6484e-06,0.006235989,0.0001156593,0.0054508242,5.4945e-06,0.011996978,4.6703e-06,0.0093252747,5.43956e-05,0.0250090659,1.97802e-05,0.0187947802,5.27473e-05,0.046035989,2.747e-07,1.64835e-05,4.9451e-06,3.1044e-05,0,2.747e-07,5.2198e-06,0.0008947802,0,5.495e-07,8.242e-07,0.0003013736
0.0123627474,0.0002223516,0,0.0336311991,0.0159376019,0.000904773,0.2729774156,0.0271830035,0.0105275902,0.0014051222,0.017276135,0.0009024447,0.0279732247,0.0024714785,0.0084300349,8.38184e-05,0.0043662398,0.0001806752,0.0570251455,0.0069010477,5.3085e-05,1.79278e-05,0.2065334109,0.0027855646,0.0002842841,9.89523e-05,4.657e-07,3.7253e-06,0.0083068685,0.0001252619,0.0963629802,0.060287078,0.011348312,0.0069583236,0.0016377183,1.93248e-05,0.0002088475,6.5192e-06,1.1641e-06,0,1.397e-06,1.397e-06,6.00698e-05,6.985e-07,4.58673e-05,1.8626e-06,1.88591e-05,4.657e-07,1.32712e-05,6.0536e-06,0.0001217695,2.7939e-06,9.3132e-06,0,2.46799e-05,0,0.0014230501,5.51804e-05,5.79744e-05,4.4237e-06,0.000261234,6.2864e-06,0.0003147846,3.30617e-05,0.0001757858,6.5192e-06,0.0015911525,2.39814e-05,8.00931e-05,7.2177e-06,0.0047317811,0.0010020955,0.0527997672,0.0028172293,0.0099587893,0.0006877765,0.0273981374,0.0024407451,3.9581e-06,2.328e-07,7.86962e-05,2.7939e-06,5.1222e-06,0,0.0006344587,6.5192e-06,6.2864e-06,0,0.000314319,6.985e-07
0.0004104167,0.0207560606,0.0263867424,0,0.002749053,0.0573778409,0.0142409091,0.1904399621,0.0013719697,0.0141918561,0.0044888258,0.0209507576,0.0090354167,0.0182070076,0.0009810606,0.0011767045,0.0002945076,0.0021306818,0.0051293561,0.1109435606,1.894e-07,0.0001676136,0.0105617424,0.1725873106,0.0004566288,0.0203965909,1.894e-07,0.0007142045,0.0010943182,0.0016575758,0.0629962121,0.1367791667,0.0039297348,0.0302704545,9.18561e-05,0.0005018939,5.43561e-05,6.98864e-05,0,1.1364e-06,0,2.14015e-05,4.5455e-06,1.93182e-05,3.7879e-06,2.10227e-05,3.0303e-06,5.8712e-06,3.0303e-06,5.81439e-05,1.23106e-05,4.75379e-05,1.5152e-06,1.894e-07,2.2727e-06,5.303e-06,0.0001005682,0.0035005682,7.9545e-06,0.000325947,2.42424e-05,0.0001329545,3.40909e-05,0.0005816288,2.02652e-05,0.0001651515,9.81061e-05,0.0011660985,4.71591e-05,0.0005952652,0.000832197,0.0149267045,0.0094409091,0.034200947,0.0020191288,0.0087439394,0.0059024621,0.0367280303,3.788e-07,4.1667e-06,7.197e-06,2.32955e-05,5.682e-07,3.788e-07,6.64773e-05,9.41288e-05,1.7045e-06,1.894e-07,2.89773e-05,2.04545e-05
1.8692e-06,0,0.0399302181,0.0002897196,0,0.0001993769,0.010388785,0.0002305296,0.1483277259,5.98131e-05,3.7383e-06,0,0.0005632399,7.4766e-06,0.1025482866,4.3614e-06,6.231e-07,0,6.231e-07,3.7383e-06,0.0041570093,2.4922e-06,0.0193183801,2.67913e-05,0.0977021807,3.86293e-05,0.1069457944,1.2461e-06,0.0310130841,6.231e-07,0.0007327103,0.0001214953,1.74455e-05,0,2.42991e-05,8.0997e-06,0.0024037383,1.2461e-06,0.0001850467,0,6.8536e-06,0,0.0004529595,0,3.98754e-05,6.231e-07,0.000941433,0,0.0001009346,6.231e-07,0.0005962617,0,0.0002834891,0,0.0001464174,0,1.2461e-06,0,6.231e-07,0,6.231e-07,0,8.0997e-06,0,3.1153e-06,0,3.92523e-05,1.2461e-06,1.8692e-06,0,0.0083626168,4.3614e-06,0.05585919,7.4766e-06,0.0014866044,1.2461e-06,0.0007507788,3.7383e-06,0,0,1.24611e-05,0,4.6729e-05,0,0.000376947,0,2.92835e-05,0,0.0001352025,0
0,0,0.0007233871,0.0832677419,0.0012217742,0,0.0001862903,0.0579112903,0.0001008065,0.1039056452,1.6129e-05,2.58065e-05,6.77419e-05,0.0002,7.25806e-05,0.0082693548,0,8.065e-07,1.6129e-06,0.0004298387,0,0.0002362903,0.0010112903,0.0098120968,0.0004306452,0.1671129032,8.065e-07,0.0617080645,1.45161e-05,0.0116459677,0.0002596774,0.0089443548,3.2258e-06,2.74194e-05,9.6774e-06,1.12903e-05,8.065e-07,0.0049943548,0,0.0005540323,0,0.0124693548,8.065e-07,0.0001991935,0,2.4194e-06,0,0.0002048387,0,2.90323e-05,0,8.0645e-06,0,5.6452e-06,0,0.0008048387,0,8.065e-07,0,8.065e-07,0,8.065e-07,0,4.8387e-06,0,0,8.065e-07,7.2581e-06,0,0,1.12903e-05,0.0341362903,0.0001193548,0.0166258065,3.22581e-05,0.0003177419,5.32258e-05,0.0013701613,0,8.065e-07,0,2.4194e-06,0,0.0035112903,1.6129e-06,0.000525,0,0.0006032258,8.065e-07,0.0001709677
0.0528032859,3.96495e-05,0.1973677985,0.0089682366,0.0006898138,0.0003036145,0,0.007618839,0.0105967141,0.0007855422,0.0411476451,0.0004626506,0.0775362541,0.0007802848,0.0029899233,0.0001112815,0.0087364732,3.46112e-05,0.0050424973,0.0012554217,3.2859e-06,4.381e-07,0.0163566265,0.0012247536,6.5717e-06,4.40307e-05,4.381e-07,2.8478e-06,0.0046249726,3.89923e-05,0.0323802848,0.0198587076,0.0030041621,0.0003296824,0.0004026287,1.35816e-05,0.0001296824,1.0953e-06,3.5049e-06,0,4.381e-07,4.381e-07,2.16867e-05,2.191e-07,3.72399e-05,0,9.6386e-06,2.191e-07,9.2004e-06,2.6287e-06,0.0002078861,1.0953e-06,1.75246e-05,0,4.44688e-05,2.191e-07,0.0032067908,2.03724e-05,0.000124644,2.8478e-06,0.0006181818,7.2289e-06,0.0003053669,2.60679e-05,0.0004122673,4.3812e-06,0.000532092,1.22673e-05,2.43154e-05,1.0953e-06,0.0024979189,0.0003673604,0.0163099671,0.0010920044,0.0031071194,0.0002720701,0.0111340635,0.0007783133,1.7525e-06,4.381e-07,6.24315e-05,2.191e-07,5.2574e-06,0,0.0009364732,1.7525e-06,6.5717e-06,0,0.000501862,2.191e-07
9.14397e-05,0.0398593385,0.0088836576,0.2035173152,0.0003735409,0.0183101167,0.0045842412,0,0.0003451362,0.0496208171,0.0017749027,0.0440601167,0.0038624514,0.1190332685,0.000263035,0.006372179,5.40856e-05,0.0006643969,0.0003544747,0.0017099222,1.946e-07,2.9183e-06,0.0039433852,0.0057132296,2.12062e-05,0.0006264591,0,2.33463e-05,0.0004535019,0.0010762646,0.0249727626,0.036061284,0.0002780156,0.0039287938,5.36965e-05,0.0001708171,1.43969e-05,5.60311e-05,3.891e-07,4.2802e-06,5.837e-07,7.02335e-05,1.1673e-06,6.6148e-06,1.3619e-06,1.45914e-05,7.782e-07,4.8638e-06,1.3619e-06,2.33463e-05,6.2257e-06,4.16342e-05,7.782e-07,0,5.837e-07,8.5603e-06,4.70817e-05,0.0015678988,9.9222e-06,0.0003509728,1.57588e-05,0.0003622568,1.4786e-05,0.0013770428,9.9222e-06,0.0003208171,6.1284e-05,0.0010673152,9.9222e-06,0.0001877432,0.0003768482,0.0094291829,0.0061571984,0.0165821012,0.0015501946,0.0036363813,0.0035303502,0.0123249027,1.946e-07,5.4475e-06,4.2802e-06,1.40078e-05,1.946e-07,9.728e-07,2.37354e-05,0.0001266537,1.946e-07,5.837e-07,1.20623e-05,3.40467e-05
5.9259e-06,1.4815e-06,0.0711659259,0.0081792593,0.2271288889,0.0012088889,0.1025881481,0.0057244444,0,0.0016637037,2.963e-06,2.963e-06,0.0057748148,0.0008,0.1494474074,0.0006103704,0,0,4.4444e-06,4.59259e-05,1.48148e-05,4.4444e-06,0.0058266667,0.0017274074,0.0013437037,0.0002192593,0.0005155556,2.963e-06,0.0140355556,1.4815e-06,0.0075792593,0.0045333333,0.0003392593,1.03704e-05,8.14815e-05,2.963e-06,0.0007748148,0,2.81481e-05,0,0,0,0.0001659259,0,1.33333e-05,0,0.0002948148,0,4.59259e-05,0,0.0002325926,0,9.03704e-05,0,2.66667e-05,0,2.963e-06,0,1.4815e-06,0,0,0,5.9259e-06,0,1.4815e-06,0,6.51852e-05,4.4444e-06,4.4444e-06,0,0.0005214815,0.0001955556,0.0240622222,0.0004044444,0.0026918519,0.0001377778,0.0041525926,0.0002385185,0,0,4.4444e-06,0,1.18519e-05,0,8.44444e-05,0,0,0,4.2963e-05,0
1.0929e-06,1.0929e-06,0.0015551913,0.0187715847,0.000536612,0.2011595628,0.0006404372,0.1813245902,0.0002655738,0,5.4645e-06,1.20219e-05,0.0003016393,0.0041901639,0.0002087432,0.078,1.0929e-06,1.0929e-06,1.0929e-06,3.1694e-05,0,2.1858e-06,0.0005617486,0.0010666667,1.20219e-05,0.0034994536,0,5.79235e-05,6.3388e-05,0.0067923497,0.0002251366,0.0021038251,0,0.0002153005,5.02732e-05,6.77596e-05,0,0.0111180328,1.0929e-06,0.000926776,0,0.017136612,2.1858e-06,0.0003551913,0,8.7432e-06,0,0.0003377049,1.0929e-06,8.52459e-05,1.0929e-06,2.40437e-05,0,4.3716e-06,0,0.0011333333,0,3.2787e-06,0,0,1.0929e-06,2.1858e-06,3.2787e-06,9.8361e-06,1.0929e-06,2.1858e-06,4.3716e-06,2.73224e-05,0,0,2.29508e-05,0.0336535519,0.0002273224,0.0627530055,8.4153e-05,0.0022032787,0.0001147541,0.0064196721,0,1.0929e-06,0,8.7432e-06,0,0.0004032787,1.0929e-06,0.0009693989,0,0.0002163934,0,0.0001759563
0.0955594306,0.0001281139,0.0774391459,0.0265088968,1.92171e-05,4.12811e-05,0.1074113879,0.0172690391,2.56228e-05,6.4057e-06,0,0.0018597865,0.2491893238,0.0010128114,0.0001615658,2.1352e-06,0.0403565836,0.0002135231,0.022516726,0.0072797153,1.35231e-05,0,0.0120747331,0.0037551601,3.5587e-06,1.06762e-05,0,7.117e-07,0.0435921708,0.0001530249,0.0912348754,0.0526989324,0.0188533808,0.0017530249,0.0006953737,5.69395e-05,0.0001914591,7.8292e-06,9.9644e-06,0,7.117e-07,2.1352e-06,5.19573e-05,7.117e-07,0.0001345196,2.1352e-06,1.70819e-05,1.4235e-06,7.04626e-05,8.5409e-06,0.0010384342,6.4057e-06,6.04982e-05,0,0.0001231317,0,0.0139330961,7.11744e-05,0.0001814947,4.9822e-06,0.0066640569,1.77936e-05,0.002947331,8.6121e-05,0.0069359431,1.63701e-05,0.0016,3.77224e-05,7.75801e-05,4.2705e-06,0.0041096085,0.0008491103,0.0316811388,0.0015423488,0.0031323843,0.0002213523,0.0188163701,0.0017508897,4.2705e-06,7.117e-07,0.0001651246,7.117e-07,1.63701e-05,0,0.0023736655,7.1174e-06,1.06762e-05,0,0.001086121,2.1352e-06
6.82927e-05,0.1073714286,0.0043923345,0.1144062718,5.5749e-06,0.0002243902,0.0007888502,0.1505721254,4.1812e-06,4.5993e-05,0.0004898955,0,0.000502439,0.1358,3.4843e-06,0.0001094077,5.85366e-05,0.0443714286,0.0011463415,0.0351853659,0,0,0.0008,0.0089351916,1.3937e-06,5.36585e-05,0,1.3937e-06,7.38676e-05,0.0931414634,0.0102940767,0.0141456446,0.0012738676,0.0057407666,0.0001114983,0.0002864111,9.7561e-06,6.6899e-05,0,5.5749e-06,0,1.88153e-05,0,1.46341e-05,0,4.52962e-05,0,1.60279e-05,0,8.01394e-05,1.3937e-06,0.0001449477,0,0,0,2.50871e-05,2.22997e-05,0.006430662,5.5749e-06,0.0002362369,9.7561e-06,0.0009581882,5.5749e-06,0.0053261324,3.4843e-06,0.0008940767,4.25087e-05,0.0007031359,4.1812e-06,0.0001616725,0.0001066202,0.0062160279,0.0008439024,0.0338090592,0.0001393728,0.0098843206,0.0006111498,0.018374216,1.3937e-06,3.41463e-05,1.3937e-06,0.0006947735,0,0,1.39373e-05,0.0011170732,0,1.3937e-06,4.878e-06,0.0001595819
0.00724,1.3913e-05,0.0425648696,0.0097488696,2.74783e-05,0.0002605217,0.1927074783,0.0088250435,0.0008907826,0.0008149565,0.125149913,0.0002045217,0,0.0009130435,0.0481074783,7.13043e-05,0.0010653913,1.91304e-05,0.0013996522,0.0006521739,7.3043e-06,6.957e-07,0.0118702609,0.000984,6.9565e-06,3.89565e-05,0,2.4348e-06,0.0587648696,3.75652e-05,0.025029913,0.0153126957,0.0017363478,0.0002587826,0.0002326957,2.74783e-05,9.53043e-05,4.1739e-06,5.913e-06,0,6.957e-07,1.0435e-06,2.53913e-05,6.957e-07,7.82609e-05,1.0435e-06,1.35652e-05,0,2.85217e-05,3.8261e-06,0.0003213913,1.3913e-06,2.95652e-05,0,6.88696e-05,0,0.0017252174,4.1739e-06,4.27826e-05,6.957e-07,0.0008062609,6.957e-07,0.0006076522,6.2609e-06,0.0009377391,6.957e-07,0.000514087,1.46087e-05,3.72174e-05,6.957e-07,0.0029707826,0.0003353043,0.0669248696,0.0011965217,0.011706087,0.0002754783,0.0205137391,0.0007502609,2.7826e-06,0,0.0002525217,3.478e-07,9.7391e-06,0,0.0016281739,1.7391e-06,5.5652e-06,0,0.0007850435,3.478e-07
1.62281e-05,0.0033982456,0.002775,0.0415868421,1.66667e-05,0.000772807,0.001672807,0.189025,3.81579e-05,0.0012969298,0.0003833333,0.0922578947,0.0012122807,0,3.20175e-05,0.0448390351,6.5789e-06,0.0011232456,6.14035e-05,0.0013947368,0,2.6316e-06,0.0014723684,0.007004386,5.7018e-06,0.0001684211,0,1.18421e-05,0.0002004386,0.1110583333,0.0078785088,0.0147938596,6.14035e-05,0.0020811404,4.60526e-05,0.0001600877,1.3158e-06,0.0002662281,0,1.71053e-05,0,0.0003324561,0,3.59649e-05,1.7544e-06,2.0614e-05,0,2.19298e-05,0,8.77193e-05,2.193e-06,4.82456e-05,0,1.7544e-06,4.386e-07,3.77193e-05,1.22807e-05,0.0007100877,3.5088e-06,6.00877e-05,6.1404e-06,0.0002381579,5.7018e-06,0.0011675439,2.193e-06,0.0001600877,2.67544e-05,0.0002320175,2.6316e-06,8.3333e-06,0.0001096491,0.0208083333,0.0018013158,0.1217951754,0.0004364035,0.0134451754,0.0009916667,0.0312807018,0,4.386e-06,8.772e-07,4.03509e-05,0,3.9474e-06,5.2632e-06,0.0001210526,0,2.6316e-06,3.0702e-06,2.89474e-05
1.5122e-05,4.878e-07,0.0110073171,0.00182,0.1008526829,0.0003029268,0.030082439,0.0014429268,0.0738517073,0.00044,0.000104878,2.439e-06,0.1018658537,0.0001526829,0,0.0001014634,2.9268e-06,4.878e-07,1.46341e-05,1.21951e-05,4.29268e-05,4.878e-07,0.0030868293,0.0003673171,0.0089760976,4.58537e-05,0.0087039024,1.9512e-06,0.0962053659,1.4634e-06,0.0024804878,0.0010234146,0.0001419512,6.3415e-06,4.34146e-05,2.9268e-06,0.001337561,0,3.80488e-05,0,0,0,0.0002721951,0,2.97561e-05,0,0.0005019512,0,7.5122e-05,4.878e-07,0.000364878,0,0.0001419512,0,3.70732e-05,0,1.41463e-05,0,1.4634e-06,4.878e-07,4.3902e-06,0,4.878e-06,0,2.9268e-06,0,4.34146e-05,3.4146e-06,6.8293e-06,0,0.0010258537,4.92683e-05,0.03592,0.0001063415,0.0057219512,3.26829e-05,0.0073131707,6.58537e-05,0,0,1.07317e-05,0,0.0030414634,0,0.0001497561,0,4.878e-06,0,4.58537e-05,0
0,4.74576e-05,8.89831e-05,0.0019957627,1.27119e-05,0.0180084746,0.0001237288,0.0569186441,3.38983e-05,0.0697228814,1.6949e-06,0.0006635593,5e-05,0.1263423729,2.11864e-05,0,0,0.0002423729,1.6949e-06,2.9661e-05,0,0,2.28814e-05,0.0001974576,0,6.69492e-05,0,1.01695e-05,9.322e-06,0.0552584746,4.83051e-05,0.0004228814,1.6949e-06,2.11864e-05,0.0001601695,0.0001872881,4.2373e-06,0.0179754237,0,0.0015211864,0,0.0244372881,8.475e-07,0.0009644068,0,0.0001101695,0,0.0008245763,0,0.0005788136,8.475e-07,0.0001288136,0,8.4746e-06,0,0.0021788136,2.5424e-06,0.0003474576,1.6949e-06,3.55932e-05,5.0847e-06,0.0001033898,8.475e-07,0.0004881356,8.475e-07,4.57627e-05,1.69492e-05,0.0001237288,8.475e-07,4.2373e-06,3.3898e-06,0.0146135593,5.42373e-05,0.099529661,1.77966e-05,0.0057237288,2.20339e-05,0.0094059322,8.475e-07,8.475e-07,3.3898e-06,1.52542e-05,0,0.0004618644,4.2373e-06,0.0014067797,0,0.0002610169,0,0.0003186441
0.1201423077,3.17308e-05,0.0324009615,0.0031,8.6538e-06,3.8462e-06,0.0275807692,0.0008903846,2.5e-05,2.8846e-06,0.0487942308,0.0001076923,0.0095951923,3.84615e-05,0.0001067308,0,0,2.59615e-05,0.0016192308,0.0015144231,9.615e-07,0,0.0015586538,7.78846e-05,9.615e-07,0,0,0,0.1483884615,1.44231e-05,0.0074528846,0.0051288462,0.0004586538,0.0010067308,0.0001048077,2.78846e-05,8.6538e-06,1.9231e-06,1.92308e-05,0,9.615e-07,0,1.63462e-05,0,5.48077e-05,0,2.8846e-06,0,2.40385e-05,2.8846e-06,0.0002278846,1.9231e-06,2.11538e-05,0,6.92308e-05,0,0.1740903846,1.05769e-05,0.0003076923,5.7692e-06,0.0045028846,0,0.1051846154,7.6923e-06,0.0006480769,0,0.0010817308,2.5e-05,0.0001038462,6.7308e-06,0.0001807692,3.55769e-05,0.0391576923,0.0001086538,0.0062163462,7.01923e-05,0.0024096154,0.0001692308,0.0343798077,0,0.0337644231,2.8846e-06,1.25e-05,0,0.0029288462,9.615e-07,8.6538e-06,0,0.0009461538,0
2.08145e-05,0.0067040724,0.0007846154,0.0084923077,0,1.99095e-05,5.24887e-05,0.0016895928,0,1.99095e-05,3.52941e-05,0.0762371041,9.0498e-06,0.0012090498,9.05e-07,0.0001864253,1.53846e-05,0,0.0002506787,0.0037909502,0,0,1.53846e-05,0.0001285068,0,3.6199e-06,0,0,8.1448e-06,0.0450099548,0.0012072398,0.0014208145,0.0002868778,0.0011031674,0.0002027149,0.0003095023,5.4299e-06,2.80543e-05,9.05e-07,2.7149e-06,0,1.90045e-05,0,1.17647e-05,9.05e-07,3.8914e-05,0,1.17647e-05,0,5.06787e-05,0,0.0001248869,0,0,0,1.08597e-05,2.08145e-05,0.1042434389,4.25339e-05,0.0004868778,1.44796e-05,0.0032524887,9.9548e-06,0.1025113122,0,0.0005837104,0.0002533937,0.0015031674,5.4299e-06,0.0001040724,6.3348e-06,0.000360181,6.42534e-05,0.0531085973,1.71946e-05,0.007038009,5.97285e-05,0.0037221719,9.05e-07,0.0017972851,7.2398e-06,0.014161086,0,0,1.81e-06,0.0010045249,0,0,9.05e-07,0.0001257919
0.0022794224,0.0012101083,0.1637126354,0.0617841155,6.4982e-06,6.4982e-06,0.0062108303,0.0056924188,8.6643e-06,1.444e-06,0.0051725632,0.0013184116,0.001499639,0.0001299639,1.73285e-05,1.444e-06,0.0009263538,0.0005119134,0,0.0519075812,7.22e-07,0,0.0155841155,0.0002418773,7.22e-07,7.22e-07,7.22e-07,0,0.0005631769,0.0001638989,0.0660649819,0.0375696751,0.1575610108,0.0996505415,6.42599e-05,1.80505e-05,7.36462e-05,4.3321e-06,0,7.22e-07,0,1.444e-06,6.4982e-06,7.22e-07,5.0542e-06,2.1661e-06,4.3321e-06,7.22e-07,2.8881e-06,7.2202e-06,4.62094e-05,4.3321e-06,3.6101e-06,0,1.51625e-05,1.444e-06,0.0007039711,0.000465704,0.0003191336,3.4657e-05,8.37545e-05,7.9422e-06,8.30325e-05,4.18773e-05,7.00361e-05,1.80505e-05,0.0019249097,0.0002490975,0.0434548736,0.000467148,0.0015436823,0.0008187726,0.0152584838,0.0012425993,0.0042368231,0.0008064982,0.0133877256,0.0029509025,0,0,1.29964e-05,6.4982e-06,2.8881e-06,0,0.0002555957,1.08303e-05,2.1661e-06,0,0.0001444043,2.8881e-06
0.0007414538,0.0061442043,0.0279842829,0.2011009823,6.32613e-05,0.0015803536,0.0024891945,0.0085445972,2.7112e-05,0.0001147348,0.0013308448,0.0134636542,0.0006589391,0.0008349705,2.39686e-05,4.95088e-05,0.0003693517,0.0013960707,0.0424750491,0,0,3.5363e-06,0.0008652259,0.0339233792,1.29666e-05,0.0004275049,0,2.27898e-05,0.0002294695,0.0005469548,0.0574396857,0.0424133595,0.0600612967,0.2734121807,3.37917e-05,0.0006420432,2.55403e-05,2.00393e-05,0,1.1788e-06,0,6.6798e-06,1.9646e-06,3.69352e-05,1.9646e-06,1.29666e-05,7.859e-07,8.6444e-06,7.859e-07,3.06483e-05,1.02161e-05,2.55403e-05,1.1788e-06,0,1.9646e-06,2.3576e-06,6.32613e-05,0.0033599214,2.51473e-05,0.0002962672,1.53242e-05,7.50491e-05,1.37525e-05,0.0003520629,9.8232e-06,9.43026e-05,0.0002011788,0.0102176817,0.0100565815,0.0611053045,0.0004168959,0.0050990177,0.0018605108,0.0075595285,0.0003976424,0.005053831,0.0022915521,0.0191952849,0,2.7505e-06,6.2868e-06,1.49312e-05,7.859e-07,3.929e-07,4.47937e-05,5.81532e-05,7.859e-07,0,2.27898e-05,1.41454e-05
0,0,0.0001446809,0,0.0199595745,0,1.2766e-05,0,4.2553e-06,0,0,0,2.1277e-06,0,3.40426e-05,0,0,0,0,0,0,0.0030085106,0.0011808511,0,0.0010255319,0.0002191489,0.1195595745,0.0002638298,0.0002957447,0,0.0516276596,1.06383e-05,0.0001553191,0,2.1277e-06,0,0.0001382979,0,2.97872e-05,0,0.0001319149,0,6.383e-06,0,2.1277e-06,0,4.04255e-05,0,4.2553e-06,0,4.2553e-06,0,2.1277e-06,0,1.48936e-05,0,0,0,0,0,0,0,0,0,0,0,2.1277e-06,0,0,0,0.2022553191,0,0.0115021277,2.1277e-06,4.46809e-05,0,1.2766e-05,2.1277e-06,0,0,0,0,6.383e-06,0,8.5106e-06,0,2.1277e-06,0,0,0
0,0,5e-05,0.0006269231,7.6923e-06,0.0020269231,2.30769e-05,5.38462e-05,7.6923e-06,1.92308e-05,3.8462e-06,3.8462e-06,1.15385e-05,0,7.6923e-06,0,0,0,0,3.8462e-06,0.0111346154,0,1.53846e-05,0.0002653846,0,0.0937269231,6.53846e-05,0.0063615385,3.8462e-06,0,0.0005192308,0.0631307692,0,0,0,0,0,0,0,0,0,0,0,0,0,0,0,0,0,0,0,0,0,0,0,0,0,0,0,0,0,0,0,0,0,0,0,0,0,0,0,0.1783923077,7.6923e-06,0.0001192308,0,0,3.8462e-06,0,0,0,0,0,0,0.0001769231,0,0,0,0,0,0
0.0001845036,1.01695e-05,0.3030707022,0.0201830508,0.0272503632,0.0017583535,0.0335012107,0.0190276029,0.000240678,0.0007675545,0.0041636804,0.0002411622,0.0062421308,0.0019355932,0.0003501211,1.1138e-05,8.37772e-05,1.16223e-05,0.0129941889,0.0007230024,0.0036043584,2.0339e-05,0,0.0020343826,0.0139970944,0.0002445521,0.0001026634,6.7797e-06,0.0011874092,6.53753e-05,0.1343302663,0.0349854722,0.0248319613,0.0003094431,0.0066532688,1.01695e-05,6.73123e-05,4.8426e-06,9.685e-07,4.843e-07,2.4213e-06,9.685e-07,0.0001661017,0,8.08717e-05,4.843e-07,4.3584e-06,0,2.4213e-06,4.3584e-06,2.56659e-05,2.4213e-06,2.4213e-06,0,3.3898e-06,0,0.0001196126,3.8741e-06,6.2954e-06,4.843e-07,3.3414e-05,1.4528e-06,3.43826e-05,4.3584e-06,2.51816e-05,1.4528e-06,0.0053869249,1.1138e-05,3.1477e-05,0,0.0057171913,0.000725908,0.0191355932,0.0025394673,0.0044430993,0.0005075061,0.0111990315,0.0016009685,4.843e-07,0,1.06538e-05,0,4.843e-07,0,4.35835e-05,4.843e-07,0,0,1.93705e-05,0
3.769e-05,1.76292e-05,0.0087191489,0.4023130699,0.000874772,0.0223392097,0.0064778116,0.0239489362,0.0012662614,0.0004978723,0.0012455927,0.0012620061,0.0034079027,0.0020413374,0.0008,0.0001294833,2.67477e-05,2.00608e-05,0.0004395137,0.043287538,0,0.0001659574,0.0047234043,0,0.0001410334,0.0319343465,0,0.0003161094,0.0004571429,0.0001197568,0.0198620061,0.1428595745,0.0001671733,0.0409866261,2.97872e-05,0.0009580547,2.12766e-05,2.67477e-05,6.079e-07,0,0,3.6474e-06,2.4316e-06,2.91793e-05,0,3.6474e-06,6.079e-07,4.2553e-06,1.2158e-06,1.94529e-05,2.4316e-06,6.6869e-06,0,0,6.079e-07,0,2.61398e-05,1.03343e-05,3.0395e-06,3.0395e-06,6.6869e-06,3.6474e-06,8.5106e-06,2.4924e-05,4.2553e-06,1.8237e-06,3.16109e-05,0.0009823708,3.0395e-06,3.22188e-05,0.0003319149,0.0038103343,0.0036826748,0.0076079027,0.0008632219,0.0007957447,0.0021963526,0.0071696049,0,0,1.8237e-06,6.079e-07,0,0,9.1185e-06,1.8237e-06,0,0,4.2553e-06,6.079e-07
0,0,0.0007385965,0.0001684211,0.2341192982,0.0005192982,8.7719e-06,6.66667e-05,0.0016578947,4.91228e-05,1.7544e-06,0,7.0175e-06,0,0.0065929825,0,0,0,1.7544e-06,1.7544e-06,0.0016947368,1.7544e-06,0.0693684211,1.22807e-05,0,0.0123473684,0.1191385965,0.0031719298,0.0073157895,0,0.0761912281,1.40351e-05,5.2632e-06,0,1.75439e-05,8.7719e-06,0.0020578947,0,0.000145614,0,2.2807e-05,0,0.0003052632,0,2.63158e-05,0,0.0006298246,0,6.49123e-05,1.7544e-06,0.0003964912,1.7544e-06,0.0001684211,0,7.54386e-05,0,3.5088e-06,0,1.7544e-06,0,0,0,1.7544e-06,0,0,0,2.80702e-05,3.5088e-06,0,0,0.0325666667,1.7544e-06,0.0588596491,5.2632e-06,0.0010017544,0,0.0001964912,3.5088e-06,0,0,5.2632e-06,0,7.0175e-06,0,0.0002298246,0,0,0,8.42105e-05,0
1.0152e-06,0,0.0006751269,0.1089390863,0.0006375635,0.2742873096,0.0003441624,0.0046852792,0.0001248731,0.0024243655,2.13198e-05,3.24873e-05,0.0001350254,6.39594e-05,9.13706e-05,4.97462e-05,3.0457e-06,0,1.0152e-06,0.0004852792,6.19289e-05,0.017519797,0.0005979695,0.0862060914,0.0065147208,0,0.0018680203,0.0699786802,3.04569e-05,5.48223e-05,0.0005137056,0.0370568528,2.0305e-06,9.84772e-05,2.0305e-06,2.0305e-06,0,0.0001705584,0,1.11675e-05,0,0.0002538071,0,4.0609e-06,0,0,0,4.0609e-06,0,2.0305e-06,0,0,0,0,0,1.42132e-05,1.0152e-06,0,0,0,1.0152e-06,0,0,0,0,0,0,4.0609e-06,0,0,1.3198e-05,0.0054893401,0.0001604061,0.0010558376,4.16244e-05,5.48223e-05,6.70051e-05,0.0002974619,0,0,2.0305e-06,0,0,3.0457e-06,1.0152e-06,1.52284e-05,0,3.0457e-06,1.0152e-06,2.0305e-06
1.0363e-06,0,4.1451e-06,0,0.1241264249,0,1.0363e-06,0,0.0034507772,0,2.0725e-06,0,4.1451e-06,0,0.005907772,0,0,0,0,0,0.0486994819,7.25389e-05,0.0001481865,0,0.0869181347,0.0023989637,0,0.0228300518,0.0041813472,0,0.0003046632,0,0,0,5.1813e-06,4.1451e-06,0.0021668394,0,0.0001906736,0,1.76166e-05,0,0.0003046632,0,1.65803e-05,1.0363e-06,0.0007181347,0,4.2487e-05,1.0363e-06,0.0003544041,0,0.0002062176,0,0.0001284974,0,0,0,0,0,3.1088e-06,0,2.0725e-06,0,2.0725e-06,0,1.24352e-05,3.1088e-06,0,0,0.0129440415,0,0.0168932642,0,1.5544e-05,0,2.27979e-05,0,0,0,4.1451e-06,0,2.07254e-05,0,0.0002694301,0,9.3264e-06,0,9.63731e-05,0
0,0,5.7692e-06,0.0011961538,0,0.0920423077,7.6923e-06,7.88462e-05,3.8462e-06,1.92308e-05,0,0,0,1.9231e-06,0,0,0,0,0,1.92308e-05,9.80769e-05,0.02095,1.9231e-06,0.0003615385,0.0063076923,0.0918923077,0.0399230769,0,0,0,7.6923e-06,0.0001576923,0,0,0,0,0,2.30769e-05,0,0,0,4.61538e-05,0,0,0,0,0,0,0,0,0,0,0,0,0,0,0,0,0,0,0,0,0,0,0,0,0,0,0,0,3.8462e-06,0.0155980769,1.9231e-06,0.0034,0,1.9231e-06,1.9231e-06,7.6923e-06,0,0,0,0,0,9.6154e-06,0,3.8462e-06,0,5.7692e-06,0,0
0.0033409396,2.0134e-06,0.0073100671,0.0009926174,0.0254389262,3.15436e-05,0.0149973154,0.0008033557,0.0035080537,4.83221e-05,0.0272208054,8.7248e-06,0.1040228188,7.38255e-05,0.110038255,4.698e-06,0.0622966443,2.0134e-06,9.59732e-05,9.73154e-05,3.3557e-06,0,0.0022966443,8.85906e-05,0.0066073826,7.3826e-06,0.0012463087,0,0,4.0268e-06,0.0036362416,0.0017449664,0.0001738255,6.57718e-05,5.50336e-05,8.0537e-06,0.0011919463,6.711e-07,0.0001315436,0,1.3423e-06,0,0.0003194631,0,3.89262e-05,0,0.0006409396,0,7.38255e-05,1.3423e-06,0.0004483221,1.3423e-06,0.0001865772,0,9.59732e-05,0,0.0074919463,3.3557e-06,2.95302e-05,1.3423e-06,0.0003100671,0,0.0061651007,0,8.5906e-05,0,0.0001932886,6.7114e-06,1.20805e-05,3.3557e-06,0.0001013423,2.88591e-05,0.0382234899,0.0001228188,0.0006959732,2.55034e-05,0.000442953,7.51678e-05,0.0006422819,0,0.0006187919,0,0.0002147651,0,0.0007979866,0,0.0001234899,0,0.0003127517,0
3.6364e-06,0.0007445455,0.0003254545,0.0046245455,1.8182e-06,0.0039645455,9.90909e-05,0.0037172727,9.091e-07,0.0004718182,1.36364e-05,0.0741181818,7.63636e-05,0.0988936364,9.091e-07,0.0216309091,3.6364e-06,0.0243036364,2.27273e-05,0.0004763636,0,0,0.0002045455,0.0007954545,9.091e-07,3.72727e-05,0,3.09091e-05,1.54545e-05,0,0.0009190909,0.0028518182,2.18182e-05,0.0015290909,0.0001518182,0.0004763636,2.7273e-06,0.0008345455,0,7.63636e-05,0,0.00025,0,0.0003345455,1.8182e-06,0.0001936364,0,9.36364e-05,1.8182e-06,0.0007218182,9.091e-07,0.0002145455,0,4.5455e-06,0,0.0001563636,9.0909e-06,0.0011763636,2.18182e-05,0.0001845455,5.4545e-06,0.0002809091,5.4545e-06,0.0029154545,9.091e-07,0.0001818182,8.18182e-05,0.0011063636,9.091e-07,8.1818e-06,1.09091e-05,0.0004390909,0.0002318182,0.0356381818,7.09091e-05,0.0005809091,0.0001254545,0.0009827273,0,0.0637427273,3.6364e-06,0.0452781818,0,0.0177163636,2.7273e-06,0.0007136364,0,4.90909e-05,9.091e-07,6.72727e-05
0.001702981,0.0008785908,0.1278791328,0.117995664,0.0004823848,0.0007902439,0.0332211382,0.0495387534,0.0013317073,0.0003230352,0.0130086721,0.0037512195,0.0162102981,0.0043441734,0.0012173442,9.7561e-06,0.0011799458,0.0007132791,0.0265116531,0.048901355,0.0121284553,5.4201e-06,0.1236195122,0.0119121951,0.0255799458,0.0002401084,0.000699729,9.2141e-06,0.0049490515,0.0005295393,0,0.2387528455,0.0943246612,0.0647940379,0.0114065041,4.87805e-05,0.0002758808,2.11382e-05,1.626e-06,0,4.336e-06,3.252e-06,0.0002796748,1.626e-06,0.0001474255,4.878e-06,1.51762e-05,1.626e-06,5.9621e-06,1.68022e-05,4.06504e-05,1.19241e-05,5.9621e-06,0,9.7561e-06,5.42e-07,0.0002932249,0.0002563686,1.40921e-05,2.71003e-05,7.15447e-05,2.60163e-05,0.0001111111,0.0001252033,5.96206e-05,2.92683e-05,0.0087544715,0.0001485095,9.43089e-05,0.0001203252,0.0247902439,0.0025235772,0.0364287263,0.008202168,0.0073219512,0.0019772358,0.0245615176,0.007001084,1.084e-06,1.084e-06,3.19783e-05,8.6721e-06,4.336e-06,5.42e-07,0.0001859079,1.95122e-05,7.0461e-06,5.42e-07,0.000102981,3.252e-06
0.0009183673,0.0003195335,0.057735277,0.277748688,0.0001819242,0.0243597668,0.0240116618,0.0887428571,0.0003113703,0.0038151603,0.006535277,0.0027247813,0.0137731778,0.0084466472,0.0003813411,0.0004472303,0.000754519,0.00043207,0.0045329446,0.0204699708,5.831e-07,0.0168303207,0.0256081633,0.1306909621,4.5481e-05,0.0327655977,0,0.0002419825,0.0034577259,0.0008851312,0.1952,0,0.00136793,0.1265399417,9.73761e-05,0.0023708455,8.10496e-05,2.15743e-05,0,0,5.831e-07,4.0816e-06,6.414e-06,5.1312e-05,1.10787e-05,6.9971e-06,6.9971e-06,6.414e-06,2.3324e-06,2.15743e-05,2.50729e-05,1.10787e-05,2.9155e-06,0,7.5802e-06,1.7493e-06,0.0002,8.97959e-05,4.6647e-06,1.10787e-05,3.32362e-05,2.09913e-05,7.46356e-05,0.0001189504,2.91545e-05,1.69096e-05,0.0001364431,0.0019860058,3.61516e-05,4.37318e-05,0.0016658892,0.0048781341,0.0257183673,0.0208944606,0.0058390671,0.0043154519,0.0145131195,0.010244898,1.1662e-06,1.1662e-06,2.09913e-05,4.0816e-06,1.7493e-06,0,0.0001492711,1.22449e-05,1.1662e-06,0,6.99708e-05,4.0816e-06
0.0001269978,0.0005200864,0.0776164147,0.0210790497,2.98056e-05,6.0475e-06,0.009387473,0.0019088553,6.34989e-05,1.03672e-05,0.0027991361,0.0002008639,0.0021425486,0.0001641469,9.02808e-05,2.5918e-06,2.5054e-05,4.27646e-05,0.0390064795,0.0269809935,4.01728e-05,0,0.0799680346,0.0004051836,1.51188e-05,1.2959e-06,1.2959e-06,0,0.0003088553,1.68467e-05,0.1149239741,0.0042315335,0,0.0601161987,0.0805719222,1.12311e-05,0.0001075594,2.1598e-06,2.1598e-06,0,8.639e-07,4.32e-07,0.0016768898,0,0.0010634989,8.639e-07,8.6393e-06,0,4.3197e-06,1.7279e-06,1.98704e-05,8.639e-07,3.0238e-06,0,1.2959e-06,0,7.68898e-05,0.0022552916,8.63931e-05,4.19006e-05,4.06048e-05,3.0238e-06,6.91145e-05,1.59827e-05,2.28942e-05,3.4557e-06,0.110387905,0.0003209503,0.0168047516,0.0024099352,0.0008565875,0.0003507559,0.0149399568,0.0005088553,0.0032419006,0.0002794816,0.0123822894,0.0010393089,6.4795e-06,0,3.54212e-05,1.2959e-06,2.1598e-06,0,3.32613e-05,1.7279e-06,1.7279e-06,0,8.2073e-06,4.32e-07
6.77796e-05,0.0007826377,0.013042404,0.0878300501,2.13689e-05,0.0006337229,0.000296828,0.0076590985,1.43573e-05,0.000330217,0.0001282137,0.0005609349,0.0001285476,0.0017402337,7.3456e-06,1.13523e-05,1.26878e-05,0.0001652755,0.0334764608,0.1404070117,0,1.0017e-06,0.0002734558,0.0339405676,5.6761e-06,0.0002176962,0,7.6795e-06,3.10518e-05,0.0003415693,0.034148581,0.0703676127,0.0674010017,0,0.0001719533,0.0509672788,6.01e-06,6.01e-06,0,0,0,3.3389e-06,3.339e-07,0.0012694491,1.6694e-06,2.3372e-06,3.339e-07,0.0002033389,0,3.3389e-06,6.678e-07,3.6728e-06,0,0,0,3.339e-07,2.47078e-05,0.0031365609,1.26878e-05,0.0001432387,1.26878e-05,9.015e-06,6.01e-06,0.0001722871,2.0033e-06,9.3489e-06,0.0011195326,0.0996814691,0.0038307179,0.0330096828,7.07846e-05,0.0008357262,0.0005135225,0.0053843072,0.0001265442,0.0009001669,0.0004654424,0.0022834725,1.3356e-06,6.54424e-05,6.678e-07,8.91486e-05,0,0,3.3389e-06,8.3472e-06,3.339e-07,0,3.339e-07,2.6711e-06
0.000138756,0.0005311005,0.0024574163,0.0005550239,0.0002019139,7.36842e-05,0.0004727273,0.0003272727,2.87081e-05,9.09091e-05,0.0001473684,0.0003770335,0.0002019139,0.0001875598,2.67943e-05,0.0002354067,1.24402e-05,0.000107177,5.45455e-05,0.0001177033,1.9139e-06,0,0.0029511962,0.0001062201,7.7512e-05,9.569e-07,1.24402e-05,0,0.0002430622,0.0003559809,0.0053244019,0.0001990431,0.0846555024,0.0001894737,0,0.3987339713,0.044092823,0.0108880383,0.0006344498,7.6555e-05,6.6986e-06,0.0023033493,0.1068727273,0.0154803828,0.0423818182,0.0269196172,0.004122488,0.0003004785,0.0616392344,0.0448325359,0.035030622,0.0062382775,0.0036727273,0.0001301435,0.0010363636,0.0002698565,0.0035100478,0.00095311,0.0059674641,0.0051033493,0.00644689,0.0012861244,0.0061990431,0.0030105263,0.0020956938,0.0001722488,0.2959588517,0.150461244,6.1244e-05,1.91388e-05,0.0007588517,0.0019856459,0.027322488,0.0059473684,0.0136210526,0.0142555024,0.0086047847,0.0068287081,0.0020488038,0.0019751196,0.0050593301,0.0025282297,4.01914e-05,2.67943e-05,0.0082660287,0.0006440191,4.40191e-05,4.78469e-05,0.0023779904,0.0001349282
3.44828e-05,0.0004137931,9.54023e-05,0.0042402299,0.000116092,0.0001114943,5.86207e-05,0.0009252874,2.06897e-05,8.85057e-05,3.21839e-05,0.0004597701,4.94253e-05,0.000391954,1.14943e-05,0.0002114943,5.7471e-06,0.0001724138,2.64368e-05,0.002137931,0,0,2.87356e-05,0.0018425287,5.17241e-05,1.95402e-05,4.5977e-06,2.2989e-06,9.08046e-05,0.0005390805,0.000191954,0.0057172414,2.75862e-05,0.1044252874,0.4531022989,0,0.0160298851,0.0213965517,0.0005275862,0.0004275862,9.1954e-06,0.0024091954,0.085016092,0.0408,0.0486471264,0.0459,0.0015333333,0.0085597701,0.0804425287,0.0749574713,0.0435655172,0.011537931,0.004662069,0.0001712644,0.0013183908,0.0004310345,0.0012402299,0.000637931,0.0022425287,0.0035758621,0.0023954023,0.001908046,0.0021712644,0.0040689655,0.0007149425,0.0004574713,0.1409908046,0.3969022989,8.046e-06,2.64368e-05,0.0004701149,0.0025425287,0.0162505747,0.0105034483,0.0093517241,0.019008046,0.0049195402,0.0087091954,0.0009816092,0.0048517241,0.0025333333,0.0050034483,5.17241e-05,2.18391e-05,0.0044344828,0.0009816092,5.4023e-05,4.5977e-05,0.0019471264,0.0002126437
1.41176e-05,6.2745e-06,5.33333e-05,1.01961e-05,0.0002737255,0,2.43137e-05,7.0588e-06,6.2745e-06,0,1.33333e-05,1.5686e-06,1.4902e-05,0,3.92157e-05,1.5686e-06,7.843e-07,7.843e-07,3.21569e-05,2.3529e-06,0.0001592157,0,7.8431e-06,2.3529e-06,0.0001239216,0,0.0002831373,0,0.0003960784,7.843e-07,4.07843e-05,1.64706e-05,1.72549e-05,3.9216e-06,0.0201098039,0.0005309804,0,4.86275e-05,0.0825396078,0,0.0304462745,3.9216e-06,0.0053011765,7.843e-07,0.000225098,8.6275e-06,0.0449482353,0,0.0003011765,1.80392e-05,0.0035356863,4.7059e-06,0.007612549,0,0.0526823529,7.843e-07,2.82353e-05,6.2745e-06,9.4118e-06,2.35294e-05,2.03922e-05,1.33333e-05,4.47059e-05,3.05882e-05,4e-05,1.5686e-06,0.0260792157,0.0002321569,4.7059e-06,0,0.0006188235,8.6275e-06,0.0022713725,1.33333e-05,0.0001184314,1.4902e-05,0.0444470588,2.35294e-05,0,6.2745e-06,3.76471e-05,1.09804e-05,0.0119145098,7.843e-07,0.018025098,2.3529e-06,0.0115192157,7.843e-07,0.035585098,7.843e-07
1.9169e-06,1.66134e-05,8.3067e-06,0.0001035144,1.9169e-06,0.0041904153,0,0.0005329073,0,0.0040357827,1.9169e-06,2.55591e-05,1.278e-06,0.0010549521,0,0.0058102236,0,1.08626e-05,1.278e-06,1.78914e-05,0,0,5.1118e-06,2.8115e-05,0,8.75399e-05,0,4.98403e-05,6.39e-07,0.0075316294,2.10863e-05,3.19489e-05,1.9169e-06,8.3067e-06,0.0037284345,0.0081233227,0.0001284345,0,6.3898e-06,0.1940319489,0,0.0972345048,0.0001674121,0.0830364217,5.04792e-05,0.0018715655,3.1949e-06,0.087200639,3.83387e-05,0.0116658147,4.21725e-05,0.0021667732,3.1949e-06,0.0013948882,1.9169e-06,0.1969552716,4.15335e-05,1.59744e-05,7.98722e-05,4.02556e-05,8.94569e-05,7.47604e-05,5.43131e-05,0.000286901,1.21406e-05,9.13738e-05,0.000400639,0.0064249201,0,1.278e-06,8.9457e-06,0.0004230032,0.0003955272,0.0248076677,0.0001910543,0.002515016,0.0001559105,0.0094063898,2.55591e-05,3.57827e-05,5.8147e-05,0.0004594249,0,0.0300824281,7.85942e-05,0.0620830671,6.39e-07,0.0560306709,1.02236e-05,0.0513086262
1.8349e-06,0,1.2232e-06,0,3.5474e-05,0,1.2232e-06,0,0,0,1.8349e-06,0,3.0581e-06,0,4.893e-06,0,6.116e-07,0,0,0,3.30275e-05,0,6.116e-07,0,1.22324e-05,0,3.97554e-05,0,6.78899e-05,0,6.116e-07,0,0,0,0.0002929664,0.0001663609,0.0633486239,1.2232e-06,0,0,0.0213217125,6.116e-07,0.0033125382,7.3394e-06,0.0002061162,2.263e-05,0.077435474,0,0.0001993884,4.70948e-05,0.0073486239,1.2844e-05,0.0188,0,0.0956409786,0,1.34557e-05,0,1.8349e-06,0,7.9511e-06,6.116e-07,2.38532e-05,6.116e-07,2.32416e-05,0,0.0130030581,0.0001015291,6.116e-07,0,3.36391e-05,0,0.0004788991,3.0581e-06,9.90826e-05,5.5046e-06,9.3578e-05,0,1.8349e-06,0,0.0001259939,6.116e-07,0.0047522936,0,0.0033296636,0,0.0015351682,0,0.0102055046,6.116e-07
0,5.5172e-06,4.598e-07,1.3793e-06,0,3.21839e-05,0,5.5172e-06,0,2.29885e-05,0,6.4368e-06,0,1.33333e-05,0,3.72414e-05,0,2.2989e-06,0,9.195e-07,0,0,0,0,0,4.598e-07,0,4.598e-07,0,8.32184e-05,4.598e-07,9.195e-07,4.598e-07,9.195e-07,0.0002,0.0009245977,4.1379e-06,0.1085508046,0,0,0,0.0178013793,8.73563e-05,0.0243747126,2.2069e-05,0.0012882759,1.3793e-06,0.0973370115,2.89655e-05,0.0086914943,2.02299e-05,0.0021434483,2.2989e-06,0.0008386207,9.195e-07,0.1642377011,0,6.8966e-06,4.598e-07,1.3793e-06,0,1.93103e-05,0,2.25287e-05,0,0.0001852874,8.68966e-05,0.009691954,0,4.598e-07,0,8.2759e-06,9.195e-07,0.000365977,1.3793e-06,0.0004377011,4.598e-07,3.26437e-05,4.598e-07,3.58621e-05,9.195e-07,0.0002193103,0,0.0193126437,1.8391e-06,0.0025218391,0,0.0090418391,9.195e-07,0.0078151724
0,0,9.0909e-06,3.0303e-06,4.24242e-05,0,9.0909e-06,0,0,0,3.0303e-06,3.0303e-06,3.0303e-06,0,0,0,0,0,3.0303e-06,3.0303e-06,3.33333e-05,0,6.0606e-06,0,3.0303e-05,0,1.51515e-05,0,1.21212e-05,0,9.0909e-06,3.0303e-06,3.0303e-06,0,1.81818e-05,6.0606e-06,0.0686272727,0,0.1437,0,0,0,0.0002030303,0,1.81818e-05,0,0.0008818182,0,4.24242e-05,3.0303e-06,0.000169697,0,0.0001242424,0,0.0048,0,0,3.0303e-06,0,0,0,0,1.21212e-05,3.0303e-06,1.51515e-05,0,1.51515e-05,9.0909e-06,3.0303e-06,0,0.0043606061,0,0.0232363636,0,0.0066636364,0,0.0024606061,0,0,0,3.0303e-06,0,0.008130303,0,0.0015575758,0,0.0004757576,0,0.0034363636,0
0,3.6364e-06,3.6364e-06,0.0001236364,0,0.0156109091,0,0.0013145455,0,0.0076363636,1.8182e-06,1.09091e-05,1.8182e-06,0.0006236364,0,0.0088690909,0,0,3.6364e-06,2e-05,0,0,1.8182e-06,4.90909e-05,0,0.0002636364,0,0.0003363636,0,0.0025345455,2.54545e-05,2.90909e-05,1.8182e-06,5.4545e-06,0.0007672727,0.0010163636,2.18182e-05,0.1652927273,0,0.1197981818,0,0,3.6364e-06,0.00138,1.45455e-05,0.0002018182,0,0.0013181818,3.6364e-06,0.0009254545,9.0909e-06,0.0002018182,3.6364e-06,2e-05,0,0.0365345455,1.8182e-06,9.0909e-06,7.2727e-06,1.27273e-05,9.0909e-06,1.27273e-05,7.2727e-06,2.36364e-05,1.8182e-06,5.4545e-06,8.54545e-05,0.0003636364,0,0,3.6364e-06,0.0026509091,8.90909e-05,0.0464454545,3.81818e-05,0.0071272727,3.63636e-05,0.00798,3.6364e-06,0,1.09091e-05,3.6364e-06,0,0.1155072727,1.63636e-05,0.00076,0,0.09302,3.6364e-06,0.0145745455
3.0096e-06,0,1.14911e-05,1.6416e-06,3.88509e-05,0,3.2832e-06,2.736e-07,2.1888e-06,0,2.736e-06,2.736e-07,1.368e-06,2.736e-07,1.47743e-05,2.736e-07,2.736e-07,5.472e-07,0,0,3.5568e-06,0,1.14911e-05,8.208e-07,1.77839e-05,0,1.58687e-05,0,4.84268e-05,2.736e-07,1.45007e-05,1.368e-06,8.34473e-05,0,0.0295362517,0.0167890561,0.0048158687,0.0002062927,0.0024987688,7.6607e-06,8.53625e-05,2.4624e-06,0,0.0052848153,0.1218601915,0.0012777018,0.1427674419,0.000546922,0.0982497948,0.0015086183,0.029499316,2.76334e-05,0.0188290014,1.9152e-06,0.0053359781,1.20383e-05,4.97948e-05,8.208e-07,4.26813e-05,2.1888e-06,7.44186e-05,5.472e-07,0.0001225718,1.368e-06,6.15595e-05,8.208e-07,0.0665699042,0.0079365253,8.208e-07,0,3.11902e-05,1.368e-06,0.0016060192,6.0192e-06,0.0003969904,1.17647e-05,0.000248974,3.0096e-06,1.9699e-05,1.6416e-06,0.0005140903,1.6416e-06,0.0002358413,0,0.0016804378,2.736e-06,0.0002815321,8.208e-07,0.0025094391,3.0096e-06
5.006e-07,4.2553e-06,0,8.01e-06,0,4.80601e-05,0,1.72716e-05,0,4.20526e-05,0,5.0063e-06,0,4.45557e-05,0,0.0001689612,0,2.5031e-06,0,3.5044e-06,0,0,0,2.0025e-06,0,1.2516e-06,0,1.0013e-06,2.503e-07,0.000342428,5.006e-07,5.5069e-06,0,3.17897e-05,0.0014365457,0.0036978723,4.5056e-06,0.0279436796,5.006e-07,0.0125954944,0,0.000735169,0.0092212766,0,0.0002700876,0.1288085106,3.7547e-06,0.1710435544,0.0003354193,0.0999922403,0.0001499374,0.0084978723,7.7597e-06,0.0132881101,2.2528e-06,0.0318392991,2.503e-07,6.7584e-06,2.503e-07,3.0038e-06,0,2.02753e-05,2.503e-07,3.80476e-05,0,6.5081e-06,0.0006795995,0.0466841051,0,5.006e-07,0,9.5119e-06,1.5019e-06,0.0009046308,1.0013e-06,0.0010047559,1.2516e-06,3.95494e-05,0,5.03129e-05,5.006e-07,0.0005942428,0,0.0004530663,1.2516e-06,0.0044490613,0,0.0020102628,1.5019e-06,0.0045396746
1.33333e-05,3.8889e-06,2.44444e-05,8.3333e-06,1.88889e-05,0,1.5e-05,2.2222e-06,1.1111e-06,0,1.5e-05,3.3333e-06,1.77778e-05,3.8889e-06,1.6667e-06,2.2222e-06,2.2222e-06,1.1111e-06,2.2222e-06,4.4444e-06,0,0,1.94444e-05,1.1111e-06,8.8889e-06,0,2.2222e-06,0,2.11111e-05,1.1111e-06,2.38889e-05,2.2222e-06,0.0001066667,5.556e-07,0.0304772222,0.0241422222,0.00127,0.0001111111,0.0002983333,5.5556e-06,5e-06,2.5e-05,0.2108988889,0.0018783333,0,0.0176661111,0.0164266667,1.05556e-05,0.2234016667,0.0073627778,0.0335727778,0.0007366667,0.0042683333,1.77778e-05,0.0010572222,1.72222e-05,0.0003227778,6.1111e-06,0.0006038889,1.61111e-05,0.0009511111,1.83333e-05,0.0010144444,1.55556e-05,0.0005638889,8.8889e-06,0.1101894444,0.0144511111,4.4444e-06,5.556e-07,5.61111e-05,2e-05,0.00261,9.05556e-05,0.0010194444,0.0001927778,0.0003961111,6.38889e-05,0.0001355556,3.11111e-05,0.0008488889,2.83333e-05,2.83333e-05,0,0.0018516667,8.8889e-06,4e-05,0,0.0008811111,6.1111e-06
0,3.73717e-05,0,2.423e-05,0,2.4641e-06,0,1.35524e-05,0,2.8747e-06,0,3.8193e-05,0,2.29979e-05,0,2.71047e-05,0,9.8563e-06,8.214e-07,6.9815e-06,0,0,0,3.6961e-06,0,0,0,0,4.107e-07,5.0924e-05,2.8747e-06,2.0534e-06,8.214e-07,1.232e-06,0.0180854209,0.0223798768,2.99795e-05,0.0009256674,2.17659e-05,0.0004595483,0,0.0001367556,0.0071416838,0.2442661191,0.0145379877,0,8.54209e-05,0.0083827515,0.008226694,0.2772505133,0.0043322382,0.0054735113,0.0002804928,0.0014476386,7.18686e-05,0.0019905544,2.0534e-06,4.64066e-05,2.0534e-06,3.73717e-05,2.4641e-06,0.0001285421,5.7495e-06,0.0001227926,4.1068e-06,0.0007297741,0.0129170431,0.0879096509,0,8.214e-07,2.8747e-06,9.03491e-05,0.0001067762,0.0009092402,7.92608e-05,0.0015030801,3.94251e-05,0.0003149897,2.0534e-06,0.0002271047,1.80698e-05,0.0004464066,1.6427e-06,1.06776e-05,5.13347e-05,0.0007408624,2.0534e-06,3.6961e-05,6.77618e-05,0.0003285421
2.457e-07,0,2.457e-06,0,9.38575e-05,0,1.4742e-06,0,3.6855e-06,0,7.371e-07,0,9.828e-07,0,3.02211e-05,2.457e-07,0,0,7.371e-07,0,2.72727e-05,0,1.2285e-06,0,3.9312e-05,0,5.65111e-05,0,0.0001380835,2.457e-07,9.828e-07,7.371e-07,1.4742e-06,0,0.0019120393,0.0002226044,0.0175277641,1.9656e-06,0.0439985258,0,0.0009105651,2.457e-07,0.157887715,2.16216e-05,0.0045412776,3.16953e-05,0,0.0002823096,0.003704914,3.83292e-05,0.0168250614,2.2113e-06,0.0427995086,0,0.0780813268,0,1.74447e-05,0,1.49877e-05,7.371e-07,2.87469e-05,2.457e-07,5.23342e-05,2.457e-07,3.16953e-05,4.914e-07,0.0252611794,0.000102457,0,0,3.04668e-05,2.457e-07,0.0008226044,1.4742e-06,0.0001144963,3.4398e-06,0.000153317,9.828e-07,8.8452e-06,2.457e-07,0.0003992629,2.457e-07,0.0013174447,0,0.0048520885,0,0.0016918919,0,0.0109574939,0
0,1.99357e-05,6.431e-07,1.60772e-05,0,6.04502e-05,0,1.84352e-05,0,5.53055e-05,4.287e-07,2.65809e-05,4.287e-07,4.58735e-05,0,0.0001669882,0,4.9303e-06,1.2862e-06,6.4309e-06,0,0,2.144e-07,1.5005e-06,0,1.0718e-06,0,1.5005e-06,0,0.0002280815,1.7149e-06,4.9303e-06,8.574e-07,4.52304e-05,0.0001618435,0.0052072883,9.0032e-06,0.0458392283,0,0.0711043944,0,0.0010655949,0.0011146838,0.1868553055,1.60772e-05,0.006523687,4.58735e-05,0,1.20043e-05,0.0036433012,1.9293e-06,0.0003061093,2.144e-07,0.0154141479,0,0.1163605573,6.431e-07,3.47267e-05,0,1.52197e-05,4.287e-07,0.0001226152,6.431e-07,0.0001401929,0,2.67953e-05,6.9239e-05,0.035753269,0,1.0718e-06,0,1.73633e-05,2.5723e-06,0.0007841372,1.2862e-06,0.0003097535,6.431e-07,8.31726e-05,2.144e-07,0.0001601286,2.144e-07,0.0001762058,0,0.0007114684,0,0.0037897106,0,0.0044441586,0,0.0070291533
1.47727e-05,2.8409e-06,5.1136e-06,3.9773e-06,4.03409e-05,0,7.9545e-06,2.2727e-06,4.5455e-06,0,9.0909e-06,3.9773e-06,7.3864e-06,3.4091e-06,9.0909e-06,3.4091e-06,5.682e-07,1.1364e-06,2.2727e-06,5.682e-07,0,0,5.682e-07,1.7045e-06,1.93182e-05,0,3.9773e-06,0,3.29545e-05,1.1364e-06,1.1364e-06,5.682e-07,1.7045e-06,5.682e-07,0.0479011364,0.0416102273,0.0009664773,7.67045e-05,0.0001659091,1.07955e-05,4.5455e-06,2.95455e-05,0.1160630682,0.0040988636,0.2534545455,0.0101096591,0.0101397727,1.47727e-05,0,0.0155386364,0.2196568182,0.0013880682,0.01454375,3.06818e-05,0.0033659091,4.88636e-05,0.0002727273,6.25e-06,0.0177551136,2.8409e-06,0.0035414773,1.42045e-05,0.0001715909,1.76136e-05,0.0014926136,1.53409e-05,0.0881255682,0.0270886364,3.4091e-06,0,0.0001102273,1.81818e-05,0.0042346591,9.88636e-05,0.0017755682,0.0002335227,0.0008255682,5.56818e-05,6.25e-06,2.61364e-05,0.0010352273,2.67045e-05,3.52273e-05,0,0.0018727273,2.04545e-05,4.54545e-05,1.7045e-06,0.0013920455,1.36364e-05
0,7.96421e-05,4.0268e-06,9.30649e-05,1.7897e-06,2.55034e-05,1.7897e-06,7.51678e-05,0,3.6689e-05,8.949e-07,7.74049e-05,2.2371e-06,0.0001807606,0,0.0002805369,0,1.74497e-05,2.6846e-06,2.32662e-05,0,0,8.949e-07,2.10291e-05,4.474e-07,1.3423e-06,0,0,3.132e-06,0.0004425056,1.61074e-05,1.78971e-05,3.5794e-06,9.8434e-06,0.0417548098,0.0511543624,8.45638e-05,0.0046608501,7.24832e-05,0.0031973154,1.7897e-06,0.0010219239,0.010806264,0.143258613,0.0073691275,0.2661722595,0.0002246085,0.004535123,0.0172626398,0,0.0103087248,0.1244143177,0.0009038031,0.014596868,0.0002362416,0.0170008949,2.2371e-06,0.0001051454,3.132e-06,0.0094295302,6.7114e-06,0.0007279642,1.52125e-05,0.0003404922,9.8434e-06,0.0080026846,0.0277252796,0.080833557,0,2.6846e-06,8.5011e-06,0.0004326622,0.0002577181,0.0061856823,0.0001870246,0.0110147651,7.20358e-05,0.0014004474,4.4743e-06,0.0010465324,5.19016e-05,0.0046577181,4.0268e-06,2.55034e-05,0.0001360179,0.0191543624,3.5794e-06,0.0001597315,0.0002317673,0.0132738255
0.0001830846,7.463e-07,4.77612e-05,1.99e-06,7.51244e-05,0,5.89552e-05,1.7413e-06,5.4726e-06,0,3.9801e-05,4.975e-07,3.65672e-05,1.2438e-06,1.51741e-05,1.2438e-06,4.7264e-06,4.975e-07,1.9403e-05,1.7413e-06,1.99e-06,0,1.99e-06,0,3.70647e-05,0,1.56716e-05,0,7.68657e-05,9.95e-07,5.9701e-06,2.9851e-06,9.7015e-06,4.2289e-06,0.0046567164,0.0042738806,0.00219801,1.99005e-05,0.0018293532,9.95e-07,5.59701e-05,9.204e-06,0.0193880597,0.000258209,0.0094154229,0.0007435323,0.0213858209,1.7413e-06,0.0685348259,0.0014062189,0,0.0002318408,0.1251534826,3.9801e-06,0.0135002488,7.4627e-06,0.0067791045,1.7413e-06,0.0120246269,7.463e-07,0.0338865672,2.9851e-06,0.0005766169,4.2289e-06,0.035531592,1.99e-06,0.0076447761,0.0024599502,6.86567e-05,2.488e-07,0.0001771144,5.4726e-06,0.0069004975,2.73632e-05,0.0022810945,7.53731e-05,0.0011925373,1.41791e-05,1.36816e-05,7.2139e-06,0.0021942786,8.4577e-06,0.0002753731,0,0.0479771144,6.2189e-06,0.000289801,0,0.0140308458,3.2338e-06
4.598e-07,0.0006073563,8.7356e-06,0.0001678161,0,2.2989e-06,4.598e-07,8.04598e-05,0,4.1379e-06,1.8391e-06,0.000394023,9.195e-07,8e-05,0,2.94253e-05,4.598e-07,7.17241e-05,8.2759e-06,3.90805e-05,0,0,1.3793e-06,5.977e-06,0,9.195e-07,0,0,4.598e-07,0.0001586207,2.2069e-05,1.83908e-05,1.01149e-05,2.66667e-05,0.0014468966,0.0021347126,4.5977e-06,0.0012565517,3.2184e-06,0.0010712644,0,9.47126e-05,0.0002091954,0.0276298851,0.0002101149,0.0119296552,8.7356e-06,0.0015862069,0.0004565517,0.1185641379,0.0003034483,0,4.87356e-05,0.0401549425,1.14943e-05,0.0111066667,9.195e-07,0.0006202299,9.195e-07,0.0016404598,1.8391e-06,0.0028450575,3.2184e-06,0.0006197701,4.598e-07,0.0509011494,0.0008354023,0.0103011494,4.598e-07,4.1379e-06,2.2989e-06,7.81609e-05,2.2069e-05,0.0020147126,1.83908e-05,0.0015641379,7.8161e-06,0.000371954,0,0.0005462069,3.6782e-06,0.0013802299,0,8.2759e-06,7.8161e-06,0.0916947126,0,3.81609e-05,9.6552e-06,0.0101434483
1.8519e-06,6.173e-07,3.0864e-06,1.8519e-06,8.7037e-05,0,3.7037e-06,0,3.7037e-06,0,3.0864e-06,0,5.5556e-06,0,2.65432e-05,0,6.173e-07,0,6.173e-07,6.173e-07,4.321e-06,0,6.173e-07,0,3.2716e-05,0,2.83951e-05,0,0.000117284,0,1.8519e-06,6.173e-07,1.2346e-06,6.173e-07,0.0013228395,0.0012098765,0.0065993827,4.321e-06,0.0070833333,6.173e-07,0.0001438272,3.0864e-06,0.0378574074,5.49383e-05,0.0042549383,0.0001728395,0.1413623457,1.2346e-06,0.0119271605,0.0003919753,0.2916617284,8.14815e-05,0,6.173e-07,0.1727185185,1.8519e-06,0.0001061728,1.2346e-06,8.0247e-06,0,4.81481e-05,1.2346e-06,7.40741e-05,6.173e-07,7.59259e-05,6.173e-07,0.0007222222,0.0006611111,1.8519e-06,0,7.40741e-05,6.173e-07,0.0065302469,9.8765e-06,0.0011166667,2.46914e-05,0.001054321,3.0864e-06,4.321e-06,1.8519e-06,0.0025734568,2.4691e-06,0.0006228395,0,0.0077907407,2.4691e-06,0.0006932099,0,0.045995679,0
0,1.4085e-06,0,7.042e-07,0,5.6338e-06,0,1.4085e-06,0,4.9296e-06,0,1.4085e-06,0,2.1127e-06,0,8.4507e-06,0,7.042e-07,0,7.042e-07,0,0,0,0,0,0,0,0,0,4.22535e-05,0,0,0,0,0.0001070423,0.0001183099,0,0.0046119718,0,0.0034626761,0,8.02817e-05,1.40845e-05,0.0614528169,1.47887e-05,0.0046246479,7.042e-07,0.0693535211,3.4507e-05,0.0422908451,3.02817e-05,0.0799049296,7.042e-07,0,0,0.2071190141,0,0,0,0,0,7.042e-07,0,8.4507e-06,0,1.4085e-06,4.71831e-05,0.0001528169,0,0,0,2.1127e-06,0,8.30986e-05,0,0.0001429577,0,4.2254e-06,0,1.33803e-05,0,0.0002035211,0,4.71831e-05,0,0.0218,0,0.0002908451,7.042e-07,0.0800415493
2.2293e-06,0,2.8662e-06,0,2.38854e-05,0,2.5478e-06,0,0,0,1.9108e-06,3.185e-07,6.369e-07,0,7.6433e-06,0,0,0,9.554e-07,0,3.5032e-06,0,0,0,5.7325e-06,0,8.9172e-06,0,4.14013e-05,0,9.554e-07,0,3.185e-07,3.185e-07,0.000256051,0.0002280255,0.0268955414,2.2293e-06,0.0718824841,0,0.0003611465,6.369e-07,0.0022757962,1.21019e-05,9.96815e-05,3.34395e-05,0.0848968153,0,0.0003019108,7.54777e-05,0.0184382166,1.36943e-05,0.0843812102,0,0,0,5.25478e-05,3.185e-07,5.7325e-06,0,3.12102e-05,3.185e-07,3.72611e-05,6.369e-07,5.19108e-05,0,0.0002742038,0.000133121,6.369e-07,0,1.52866e-05,6.369e-07,0.0007025478,2.5478e-06,0.0001576433,5.0955e-06,0.0001207006,9.554e-07,6.369e-07,3.185e-07,0.000233121,6.369e-07,0.0014697452,0,0.001889172,3.185e-07,0.002933121,0,0.061655414,0
0,5.7201e-06,4.086e-07,4.4944e-06,0,4.75996e-05,0,1.1236e-05,0,3.96323e-05,0,9.6016e-06,0,2.5332e-05,0,9.82635e-05,0,2.4515e-06,2.043e-07,1.6343e-06,0,0,0,4.086e-07,0,1.2257e-06,0,2.0429e-06,0,0.0001758938,1.0215e-06,1.2257e-06,2.043e-07,6.129e-07,0.0001934627,0.0002416752,8.172e-07,0.0534118488,4.086e-07,0.1136147089,0,0.0038655771,5.33197e-05,0.0401436159,1.59346e-05,0.0026696629,1.6343e-06,0.0969005107,4.84168e-05,0.0240185904,4.39224e-05,0.0062504597,6.9459e-06,0.0522055158,1.43e-06,0,0,8.5802e-06,4.086e-07,2.0429e-06,0,3.20735e-05,2.043e-07,6.57814e-05,0,0.0003640449,7.2523e-05,0.0003948927,0,0,0,1.34831e-05,3.6772e-06,0.0006392237,2.0429e-06,0.0006561798,4.086e-07,5.33197e-05,0,5.4954e-05,4.086e-07,0.0003677222,2.043e-07,0.0009593463,1.0215e-06,0.0079201226,0,0.007384474,1.43e-06,0.1066353422
0.1264633028,4.5872e-06,0.0054233945,0.000421789,6.6514e-06,1.1468e-06,0.0078029817,0.0002082569,8.2569e-06,1.8349e-06,0.0089119266,1.92661e-05,0.0039850917,1.62844e-05,4.44954e-05,0,0.040234633,2.2936e-06,0.0019490826,0.0001350917,2.294e-07,0,0.0002876147,3.69266e-05,2.5229e-06,0,6.881e-07,0,0.0064630734,1.1468e-06,0.0011694954,0.0006332569,0.0003341743,0.0002713303,0.0001474771,4.95413e-05,4.65596e-05,3.6697e-06,6.97248e-05,0,2.5229e-06,9.174e-07,3.25688e-05,0,0.0001456422,1.6055e-06,1.97248e-05,0,0.0001114679,3.211e-06,0.0053144495,9.174e-07,0.0003018349,0,0.000334633,0,0,6.6514e-06,0.0074130734,4.5872e-06,0.081962844,6.881e-07,0.0754119266,2.7523e-06,0.0169855505,0,0.0031197248,3.1422e-05,0.0023864679,8.2569e-06,0.0016270642,1.03211e-05,0.0375465596,2.86697e-05,0.0116162844,1.2844e-05,0.0138045872,2.98165e-05,0.0003277523,4.587e-07,0.0007681193,4.587e-07,2.70642e-05,0,0.0048965596,0,1.92661e-05,0,0.0018889908,0
1.15942e-05,0.1529140097,0.0001900966,0.0057613527,2.415e-07,8.6957e-06,1.76329e-05,0.0014985507,4.831e-07,5.5556e-06,7.4879e-06,0.0106330918,5.314e-06,0.0018359903,0,3.4058e-05,2.657e-06,0.0244352657,0.0002785024,0.0042915459,0,0,1.08696e-05,7.36715e-05,2.415e-07,3.1401e-06,0,4.831e-07,2.8986e-06,0.0010311594,0.0004567633,0.0002917874,0.0007137681,0.0043475845,0.0002200483,0.0004089372,8.4541e-06,4.37198e-05,4.831e-07,2.05314e-05,0,2.92271e-05,1.4493e-06,3.57488e-05,2.4155e-06,0.0002321256,4.831e-07,4.00966e-05,4.3478e-06,0.0001649758,4.5894e-06,0.0012188406,9.662e-07,2.415e-07,2.415e-07,5.86957e-05,3.79227e-05,0,1.64251e-05,0.0270507246,1.3285e-05,0.0385304348,3.33333e-05,0.1097647343,7.246e-07,0.0110118357,0.0025169082,0.0097582126,0.0001166667,0.0370751208,6.18357e-05,0.0008113527,5.19324e-05,0.0295644928,1.98068e-05,0.018592029,0.0001277778,0.0124845411,1.6908e-06,2.68116e-05,5.314e-06,8.38164e-05,0,2.415e-07,3.8647e-06,0.0028036232,0,0,1.2077e-06,0.0008545894
0.0009007519,5.56391e-05,5.93985e-05,2.93233e-05,5.2632e-06,7.519e-07,0.0001616541,2.70677e-05,7.519e-07,7.519e-07,0.0001037594,2.78195e-05,7.96992e-05,2.2556e-06,4.5113e-06,7.519e-07,3.15789e-05,5.2632e-06,0.000137594,6.7669e-06,0,0,7.5188e-06,7.519e-07,3.7594e-06,0,1.5038e-06,0,6.2406e-05,1.12782e-05,3.83459e-05,1.80451e-05,9.84962e-05,1.8797e-05,0.0060338346,0.0021225564,0.0001804511,0.0001804511,3.60902e-05,0,1.5038e-06,6.015e-06,3.68421e-05,7.519e-07,0.0006842105,1.5038e-06,8.2707e-06,0,0.0271842105,2.2556e-06,0.0502030075,2.2556e-06,6.31579e-05,0,5.18797e-05,0,0.0246323308,0.0001112782,0,0.0002789474,0.1322887218,7.29323e-05,0.0032729323,0.0002578947,0.0209082707,3.0075e-06,0.1225609023,0.0013030075,0.0001616541,7.5188e-06,0.000443609,3.23308e-05,0.0023082707,0.0001135338,0.0014977444,0.0001150376,0.0026451128,0.0001518797,8.19549e-05,7.5188e-05,0.0007909774,0.0001315789,5.2632e-06,0,0.0009488722,6.015e-06,1.5038e-06,7.519e-07,0.0002172932,1.5038e-06
8.7719e-06,0.0052114035,2.98246e-05,0.0014350877,2.6316e-06,2.6316e-06,8.772e-07,0.001954386,0,1.7544e-06,8.772e-07,0.0018210526,4.386e-06,0.0001570175,0,6.1404e-06,0,0.0001184211,2.63158e-05,0.0001754386,0,0,8.772e-07,7.0175e-06,8.772e-07,8.772e-07,0,0,1.7544e-06,0.0001912281,5.08772e-05,4.64912e-05,5.61404e-05,0.0001289474,0.0050368421,0.0042403509,0.0003131579,0.000277193,8.7719e-06,6.1404e-06,8.772e-07,1.05263e-05,5.2632e-06,1.05263e-05,1.75439e-05,0.0001061404,1.7544e-06,7.8947e-06,8.7719e-06,0.0239403509,1.49123e-05,0.0038412281,8.772e-07,0,0,1.49123e-05,0.0001403509,0.0822315789,0.0002491228,0,0.000245614,0.0656657895,8.33333e-05,0.00895,2.01754e-05,0.0185149123,0.0007429825,0.107354386,1.14035e-05,0.0004692982,1.40351e-05,0.0001385965,0.0005184211,0.00325,0.0002710526,0.0021526316,0.0003315789,0.0009026316,2.10526e-05,0.0009201754,7.80702e-05,0.0013894737,2.6316e-06,8.772e-07,7.89474e-05,0.00025,2.6316e-06,8.772e-07,8.7719e-06,3.50877e-05
0.0037424354,5.9041e-06,0.0011564576,8.92989e-05,2.952e-06,7.38e-07,0.0016276753,3.98524e-05,1.845e-06,1.107e-06,0.0019228782,7.3801e-06,0.0008793358,2.952e-06,5.5351e-06,7.38e-07,0.000401476,1.107e-06,0.0005324723,2.47232e-05,0,0,5.57196e-05,1.21771e-05,7.38e-07,0,0,0,0.000296679,3.321e-06,0.0002324723,0.0001184502,9.11439e-05,7.15867e-05,0.0014719557,0.0007143911,0.0001549815,7.49077e-05,8.85609e-05,0,3.69e-07,7.0111e-06,9.15129e-05,3.69e-07,0.0010671587,3.321e-06,3.13653e-05,0,0.0046560886,6.6421e-06,0.0596904059,2.583e-06,0.0004365314,0,0.0003568266,0,0.1080678967,1.18081e-05,0.1005712177,5.09225e-05,0,1.69742e-05,0.1217704797,3.57934e-05,0.1472557196,2.214e-06,0.0224568266,0.0003343173,0.0001634686,2.583e-06,0.0001571956,1.07011e-05,0.0122501845,3.02583e-05,0.0059376384,3.72694e-05,0.0039217712,4.35424e-05,2.10332e-05,1.14391e-05,0.0001782288,1.62362e-05,1.07011e-05,3.69e-07,0.00350369,2.952e-06,9.9631e-06,3.69e-07,0.0008099631,7.38e-07
6.0403e-06,0.0101684564,4.83221e-05,0.0014536913,0,2.6846e-06,4.0268e-06,0.001214094,0,2.6846e-06,2.6846e-06,0.0033020134,2.0134e-06,0.0006073826,6.711e-07,8.7248e-06,0,0.000261745,3.42282e-05,0.0002973154,0,0,4.0268e-06,2.61745e-05,0,0,0,0,1.3423e-06,0.0002295302,0.0001013423,8.79195e-05,4.49664e-05,0.0001120805,0.0018369128,0.003590604,7.18121e-05,0.0003899329,4.0268e-06,0.0001805369,6.711e-07,2.95302e-05,1.07383e-05,0.0002885906,1.87919e-05,0.002490604,3.3557e-06,0.0004174497,2.95302e-05,0.0012080537,3.95973e-05,0.0089348993,7.3826e-06,6.711e-07,3.3557e-06,0.0005161074,6.37584e-05,0.0728778523,7.04698e-05,0.0858288591,8.5906e-05,0,2.75168e-05,0.1852677852,4.698e-06,0.1445308725,0.0002758389,0.0163644295,2.0134e-06,3.89262e-05,8.0537e-06,0.0001530201,0.0001563758,0.0028872483,8.85906e-05,0.001666443,9.39597e-05,0.0009033557,6.7114e-06,0.0001812081,2.61745e-05,0.0007852349,0,2.0134e-06,3.3557e-05,0.0241758389,0,5.3691e-06,9.396e-06,0.0047966443
0.009902907,1.56977e-05,0.0015796512,0.0003383721,1.80233e-05,5.814e-07,0.0018383721,0.0001767442,2.3256e-06,0,0.0062877907,2.26744e-05,0.0028343023,1.51163e-05,2.84884e-05,1.7442e-06,0.0537581395,2.3256e-06,0.0002534884,6.97674e-05,5.814e-07,0,0.000275,3.19767e-05,9.3023e-06,5.814e-07,5.814e-07,0,0.0093674419,7.5581e-06,0.0009406977,0.0005127907,0.0002918605,5.5814e-05,0.0027872093,0.0009354651,0.0001377907,6.45349e-05,0.0001604651,5.814e-07,5.2326e-06,8.7209e-06,0.0004401163,1.7442e-06,0.0020715116,1.04651e-05,0.0001505814,1.1628e-06,0.000702907,3.02326e-05,0.0049046512,1.68605e-05,0.0004761628,5.814e-07,0.0007488372,5.814e-07,0.1617813953,6.51163e-05,0.0043796512,0.0001162791,0.1312563953,1.27907e-05,0,8.54651e-05,0.0666337209,1.7442e-06,0.0204697674,0.0005790698,0.0008552326,9.18605e-05,0.0005406977,1.62791e-05,0.0560610465,7.90698e-05,0.0158755814,9.82558e-05,0.0079575581,7.7907e-05,0.0001906977,2.84884e-05,0.0731889535,3.43023e-05,7.09302e-05,0,0.0208139535,5.2326e-06,5.2907e-05,5.814e-07,0.0061255814,5.814e-07
1.95933e-05,0.0103900185,0.0001290203,0.0025852126,2.2181e-06,1.70055e-05,2.73567e-05,0.0019652495,0,1.10906e-05,1.07209e-05,0.0125345656,1.14603e-05,0.0042280961,7.394e-07,0.0001319778,2.5878e-06,0.0320735675,5.1756e-05,0.000805915,0,0,2.51386e-05,0.0001622921,1.4787e-06,3.6969e-06,0,0,3.6969e-06,0.0049426987,0.0002913124,0.0004417745,0.0001667283,0.0015478743,0.0027338262,0.0038088725,9.7597e-05,0.0002295749,1.47874e-05,3.77079e-05,0,4.5841e-05,2.5878e-06,0.0001556377,1.25693e-05,0.0006121996,1.4787e-06,0.0001441774,8.5028e-06,0.000555268,1.40481e-05,0.0010550832,2.9575e-06,5.1756e-06,3.697e-07,0.0002850277,0.0002218115,0.1244155268,0.0005582255,0.0114402957,0.0001970425,0.1095127542,0.0001360444,0,3.6969e-06,0.0187219963,0.0038373383,0.0220643253,5.7671e-05,0.0007260628,2.18115e-05,0.0002876155,0.0002913124,0.0146436229,0.0001737523,0.0089826248,0.0004425139,0.0054354898,1.44177e-05,0.0022491682,9.57486e-05,0.0470347505,0,4.0665e-06,6.76525e-05,0.0199733826,0,6.6543e-06,6.6543e-06,0.0016495379
0.004533574,2.1661e-06,0.0014057762,0.0001140794,5.0542e-06,7.22e-07,0.0017249097,5.92058e-05,2.8881e-06,7.22e-07,0.0031184116,5.0542e-06,0.0017415162,2.1661e-06,5.0542e-06,2.1661e-06,0.0001472924,7.22e-07,0.0005212996,3.3935e-05,0,0,6.13718e-05,1.58845e-05,2.8881e-06,0,7.22e-07,0,0.0001148014,7.22e-07,0.0003537906,0.0001978339,0.0001039711,5.77617e-05,0.0007725632,0.0003133574,0.0001429603,1.73285e-05,0.0002101083,0,4.3321e-06,2.1661e-06,0.0001465704,0,0.0011472924,4.3321e-06,6.7148e-05,0,0.0033545126,8.6643e-06,0.1164527076,1.444e-06,0.0011205776,0,0.0012570397,0,0.0278584838,2.8881e-06,0.0244830325,1.29964e-05,0.2318050542,2.1661e-06,0.069967509,5.0542e-06,0,0,0.0156974729,0.0001249097,0.0001422383,1.444e-06,0.0002252708,1.08303e-05,0.0094245487,2.88809e-05,0.0054859206,3.3935e-05,0.0055530686,3.2491e-05,1.01083e-05,7.22e-07,0.0066411552,2.1661e-06,4.76534e-05,0,0.0619393502,7.22e-07,4.18773e-05,0,0.0069812274,0
1.4134e-06,0.0043477032,3.81625e-05,0.0012127208,0,4.2403e-06,9.894e-06,0.0006685512,0,0,6.3604e-06,0.0035448763,5.6537e-06,0.0007067138,0,1.27208e-05,0,0.0004911661,4.16961e-05,0.0003385159,0,0,4.2403e-06,4.16961e-05,0,7.067e-07,0,0,7.067e-07,0.0007045936,0.0001201413,0.0001349823,4.38163e-05,0.0001151943,9.11661e-05,0.0003717314,4.2403e-06,0.0004727915,7.067e-07,0.000560424,0,9.1873e-06,2.1201e-06,0.0001314488,4.947e-06,0.0004056537,0,9.32862e-05,6.3604e-06,0.0103349823,7.7739e-06,0.073004947,7.067e-07,2.8269e-06,0,0.0016685512,4.2403e-06,0.0063003534,7.067e-07,0.0225201413,1.4134e-06,0.1221611307,7.067e-07,0.0380890459,0,0,3.81625e-05,0.0014742049,7.067e-07,1.69611e-05,7.067e-07,0.0001491166,1.20141e-05,0.006069258,5.6537e-06,0.0026374558,9.894e-06,0.0010989399,0,8.33922e-05,7.067e-07,0.0054120141,0,4.947e-06,7.067e-07,0.1176819788,0,1.41343e-05,0,0.0124063604
0.000660688,0.0002749386,0.001529484,0.0002113022,4.25061e-05,1.9656e-06,0.0003346437,0.0001292383,5.4054e-06,2.7027e-06,0.0001405405,0.0001009828,0.0001867322,2.7027e-05,8.1081e-06,9.0909e-06,5.50369e-05,4.02948e-05,0.0005884521,6.21622e-05,2.457e-07,0,0.0013646192,1.40049e-05,1.86732e-05,0,1.9656e-06,0,0.0001248157,5.25799e-05,0.001529484,0.0001044226,0.0391265356,0.0003847666,0.0987737101,0.0197879607,0.0119103194,0.0003702703,0.0035793612,2.7027e-06,3.1941e-06,7.2973e-05,0.0684761671,0.0009120393,0.060860688,0.0032474201,0.0247761671,6.6339e-06,0.0245361179,0.0050127764,0.0121805897,0.0006936118,0.0002545455,2.9484e-06,0.0001321867,1.42506e-05,0.0085199017,0.0017678133,0.0492783784,0.001636855,0.0157257985,0.0001260442,0.0089262899,0.0012471744,0.0037503686,3.51351e-05,0,0.0169174447,0.0120830467,0.0017513514,0.0070211302,0.0001046683,0.0113235872,0.0007457002,0.0049805897,0.0009601966,0.0144727273,0.000587715,0.0009769042,0.0003189189,0.0036407862,0.0006009828,1.4742e-05,4.914e-07,0.004560688,4.96314e-05,2.03931e-05,1.2285e-06,0.0009980344,9.0909e-06
5.33007e-05,0.0042635697,7.94621e-05,0.0043173594,1.24694e-05,1.17359e-05,1.24694e-05,0.0014743276,1.2225e-06,8.5575e-06,9.0465e-06,0.0010232274,1.24694e-05,0.00020978,1.467e-06,2.51834e-05,3.912e-06,0.0002713936,0.0001530562,0.0046276284,0,2.445e-07,7.0905e-06,0.0002841076,5.868e-06,2.934e-06,0,0,1.66259e-05,0.0004488998,0.0001574572,0.0007224939,0.0017026895,0.04089022,0.0487349633,0.1329797066,0.0010298289,0.0038330073,5.94132e-05,0.0042190709,2.445e-07,0.0001982885,0.0115533007,0.0584621027,0.0062469438,0.0568459658,6.72372e-05,0.0468210269,0.0113904645,0.0310523227,0.0051026895,0.0034586797,0.0001797066,1.32029e-05,3.61858e-05,0.0006124694,0.0008166259,0.0143606357,0.0013188264,0.0514669927,0.0009775061,0.0023276284,0.0004760391,0.0085183374,6.91932e-05,0.00130489,0.0334276284,0,0.0002166259,0.0449234719,0.000105868,0.0007586797,0.0021129584,0.0087202934,0.0011709046,0.0072215159,0.0015757946,0.0049036675,0.0001356968,0.0040430318,0.000392176,0.0047447433,4.401e-06,2.6895e-06,0.0004435208,0.0006894866,7.0905e-06,2.934e-06,0.0001151589,7.16381e-05
0.0095916279,4.37209e-05,0.0002260465,0.0011860465,1.8605e-06,9.302e-07,5.76744e-05,1.39535e-05,1.8605e-06,0,2.04651e-05,2.7907e-06,3.53488e-05,0,1.8605e-06,0,1.2093e-05,9.302e-07,0.0588744186,0.0040725581,0,0,2.69767e-05,0,9.302e-07,0,0,0,1.2093e-05,0,0.000612093,4e-05,0.0736260465,0.0107134884,6.5116e-06,1.8605e-06,2.13953e-05,0,1.2093e-05,0,0,0,9.302e-07,0,1.8605e-06,0,0,0,1.8605e-06,0,3.16279e-05,0,1.8605e-06,0,3.7209e-06,0,0.0069023256,6.4186e-05,9.2093e-05,9.302e-07,3.44186e-05,0,0.0001097674,0,1.39535e-05,0,0.0459386047,2.4186e-05,0,0.0001990698,0.0213553488,2.97674e-05,0.0063162791,1.48837e-05,0.0043451163,1.11628e-05,0.029067907,4.93023e-05,0,0,3.7209e-06,0,0,0,2.69767e-05,0,0,0,1.02326e-05,0
0.0001026549,0.0561539823,0.0007123894,0.0145849558,0,5.3097e-06,4.95575e-05,0.0002309735,0,4.4248e-06,2.21239e-05,0.0002539823,6.1947e-06,5.22124e-05,0,3.5398e-06,1.41593e-05,0.0001017699,0.0035734513,0.2076929204,0,0,1.06195e-05,0.0001318584,0,0,0,0,8.8496e-06,4.69027e-05,0.0015522124,0.0011256637,0.0162141593,0.1824469027,1.41593e-05,7.87611e-05,1.7699e-06,3.5398e-06,0,8.85e-07,0,1.23894e-05,0,6.1947e-06,8.85e-07,5.3097e-06,0,1.7699e-06,8.85e-07,2.74336e-05,5.3097e-06,1.76991e-05,8.85e-07,0,8.85e-07,8.85e-07,0.0002707965,0.185680531,9.9115e-05,0.0039566372,1.85841e-05,1.68142e-05,0.0001327434,0.0006663717,8.85e-07,1.59292e-05,0.025979646,0.1308973451,0.0033345133,0,0.0002185841,0.0075159292,0.0001486726,0.0056849558,8.23009e-05,0.005,0.0006566372,0.0243584071,8.85e-07,1.15044e-05,1.59292e-05,2.56637e-05,0,0,8.8496e-06,1.68142e-05,0,0,1.7699e-06,4.4248e-06
0.007074269,1.1696e-06,0.0011549708,0.0002526316,0.0072163743,4.0936e-06,0.0003994152,0.0001549708,6.49123e-05,3.5088e-06,0.0001654971,6.4327e-06,0.0002204678,1.22807e-05,0.0002070175,0,9.3567e-06,1.7544e-06,0.0003023392,6.60819e-05,0.0637660819,7.0175e-06,0.0050935673,2.92398e-05,0.0068409357,1.1696e-06,0.0108994152,5.848e-07,0.0001538012,5.848e-07,0.0202964912,0.0003847953,0.0006900585,0.0001017544,0.0002532164,0.0001087719,0.0008239766,3.5088e-06,2.33918e-05,0,0.0009350877,1.7544e-06,9.29825e-05,1.1696e-06,0.0001040936,3.5088e-06,7.7193e-05,0,0.0001906433,6.4327e-06,0.0004929825,1.7544e-06,9.29825e-05,0,2.98246e-05,0,0.0025245614,1.92982e-05,4.09357e-05,7.6023e-06,9.82456e-05,1.1696e-06,0.0002122807,3.5088e-06,1.87135e-05,0,0.0054426901,6.02339e-05,0.0090467836,1.75439e-05,0,9.9415e-06,0.121551462,1.69591e-05,0.0224736842,8.1871e-06,0.0405192982,1.46199e-05,0,3.5088e-06,6.4327e-06,4.0936e-06,7.6023e-06,0,4.44444e-05,5.848e-07,8.7719e-06,0,3.85965e-05,5.848e-07
9.417e-06,0.0059941704,0.0009479821,0.0189112108,2.01794e-05,0.0065008969,0.000538565,0.0284829596,2.19731e-05,0.0101304933,0.000138565,0.000390583,0.0003726457,0.0079591928,2.15247e-05,0.003255157,3.139e-06,2.69058e-05,0.000473991,0.0055784753,0,0.0243623318,0.0004605381,0.0040188341,4.4843e-06,0.0009363229,0,0.0055363229,5.06726e-05,0.0002434978,0.0026538117,0.0053901345,0.0006008969,0.0016255605,0.0003650224,0.0007363229,1.03139e-05,0.0006206278,8.969e-07,8.5202e-06,0,0.0006192825,8.969e-07,8.56502e-05,8.0717e-06,0.0001950673,0,5.96413e-05,3.5874e-06,0.0008452915,3.5874e-06,0.0003372197,4.484e-07,0,4.484e-07,3.31839e-05,1.25561e-05,0.0003152466,1.25561e-05,2.55605e-05,1.88341e-05,1.12108e-05,4.9327e-06,2.86996e-05,2.6906e-06,1.34529e-05,7.21973e-05,0.0005497758,0.0001026906,0.0024529148,3.81166e-05,0,0.000526009,0.0469309417,0.0001264574,0.0115596413,0.0003022422,0.1284008969,8.969e-07,8.969e-07,6.278e-06,1.3453e-06,0,1.52466e-05,8.5202e-06,4.08072e-05,0,1.30045e-05,1.7937e-06,8.5202e-06
0.020446238,4.70588e-05,0.0506987688,0.0079192886,0.0227518468,0.0001461012,0.0393863201,0.0064071135,0.0050790698,0.0002456908,0.0128829001,0.0001343365,0.0319015048,0.000598632,0.006280985,1.34063e-05,0.0121685363,2.35294e-05,0.0110645691,0.0009039672,0.0016995896,8.208e-07,0.0163452804,0.0006891929,0.0122270862,2.02462e-05,0.0030413133,2.736e-07,0.0252194254,3.66621e-05,0.0263340629,0.0137233926,0.0039718194,0.0013887825,0.0049080711,0.0016916553,0.0007526676,9.71272e-05,0.0001592339,0,0.001573461,1.42271e-05,0.001394528,1.09439e-05,0.001794528,4.04925e-05,0.0010257182,1.0944e-06,0.0024670315,6.97674e-05,0.0121102599,2.07934e-05,0.0018541724,0,0.000654446,1.368e-06,0.0480090287,3.33789e-05,0.0010785226,0.0001042408,0.0110352941,2.18878e-05,0.0362131327,8.01642e-05,0.0084495212,2.736e-06,0.0109340629,0.0007611491,0.003952394,1.55951e-05,0.0797638851,0.0002599179,0,0.000969357,0.2128831737,0.0003236662,0.0760385773,0.0006848153,0.0001452804,2.9275e-05,0.0030525308,3.99453e-05,3.96717e-05,0,0.0073868673,7.1135e-06,2.62654e-05,0,0.0027751026,3.0096e-06
2.94891e-05,0.0178791241,0.0019237956,0.0414075912,2.24818e-05,0.0037856934,0.0006829197,0.0270636496,1.45985e-05,0.0045348905,0.0002432117,0.0285833577,0.0004817518,0.0370385401,1.0219e-05,0.0126484672,1.75182e-05,0.0251016058,0.0002534307,0.0053322628,0,1.7518e-06,0.0009167883,0.0085877372,6.4234e-06,0.0002490511,0,0.0004213139,9.05109e-05,0.0210957664,0.0055570803,0.0140528467,0.0002610219,0.0058788321,0.0006820438,0.001990073,1.81022e-05,0.0037465693,1.7518e-06,0.0002648175,0,0.0097150365,1.7518e-06,0.0005891971,6.4234e-06,0.0009716788,5.839e-07,0.000329927,2.9197e-06,0.0033813139,9.0511e-06,0.0022642336,1.1679e-06,7.8832e-06,8.759e-07,0.0004137226,4.52555e-05,0.0390461314,6.9781e-05,0.0020414599,3.06569e-05,0.0021614599,1.81022e-05,0.0288026277,2.3358e-06,0.0026791241,0.0005010219,0.0082458394,1.08029e-05,0.0012972263,7.29927e-05,0.0216791241,0.0010446715,0,0.0002613139,0.1565845255,0.0006035036,0.046000292,3.2117e-06,0.0007229197,1.08029e-05,0.0016458394,0,0.0001127007,1.9562e-05,0.0032017518,0,6.30657e-05,6.4234e-06,0.0008233577
0.0196327586,8.53448e-05,0.0471025862,0.0080887931,0.0063017241,0.000187069,0.0381405172,0.006975,0.0043034483,0.0003094828,0.0054568966,0.0001103448,0.0312637931,0.0006543103,0.0063896552,2.5e-05,0.0026112069,3.01724e-05,0.0051672414,0.0007422414,3.10345e-05,0,0.0167741379,0.0006465517,0.0025508621,3.18966e-05,9.31034e-05,2.5862e-06,0.0092224138,3.96552e-05,0.0276103448,0.0148784483,0.0032137931,0.000875,0.0159698276,0.0060112069,0.0008163793,0.0003362069,0.0003284483,8.621e-07,0.0017405172,6.46552e-05,0.003225,2.84483e-05,0.0054784483,0.0001344828,0.0010801724,1.7241e-06,0.0079422414,0.0002836207,0.0232284483,9.22414e-05,0.0039793103,0,0.0009094828,3.4483e-06,0.0229887931,9.74138e-05,0.0022724138,0.000362069,0.008487069,5.68966e-05,0.0145931034,0.0002827586,0.0065784483,7.7586e-06,0.0265637931,0.0027224138,0.0055387931,3.44828e-05,0.0664137931,0.0003422414,0.7534844828,0.0012741379,0,0.0007051724,0.0847741379,0.000912069,6.2069e-05,8.87931e-05,0.0016146552,0.0001474138,3.27586e-05,8.621e-07,0.0038655172,2.06897e-05,2.15517e-05,0,0.0019827586,4.3103e-06
3.49776e-05,0.0221381166,0.0018,0.0280367713,1.43498e-05,0.0008511211,0.0006852018,0.0169596413,9.8655e-06,0.0013219731,7.80269e-05,0.0089713004,0.0004313901,0.017973991,1.70404e-05,0.0007201794,1.52466e-05,0.0022188341,0.0003112108,0.0045955157,0,8.969e-07,0.0008376682,0.0035847534,1.7937e-06,0.0001560538,0,1.16592e-05,0.0001085202,0.0016116592,0.0042412556,0.0106538117,0.0003560538,0.0043757848,0.001606278,0.004026009,3.58744e-05,0.0003004484,1.7937e-06,9.6861e-05,0,0.0080556054,5.3812e-06,0.0043704036,2.78027e-05,0.0024286996,8.969e-07,0.0002959641,1.97309e-05,0.0118762332,3.2287e-05,0.0038780269,3.5874e-06,6.54709e-05,3.5874e-06,0.0002600897,9.95516e-05,0.0214520179,0.0001372197,0.0021587444,6.4574e-05,0.0006233184,4.66368e-05,0.0083488789,5.3812e-06,0.0015452915,0.0010959641,0.0114520179,1.70404e-05,0.0015883408,4.21525e-05,0.0539022422,0.001155157,0.6806403587,0.0004080717,0,0.0006116592,0.0298878924,6.278e-06,6.99552e-05,4.66368e-05,0.0004188341,8.969e-07,8.0717e-06,4.39462e-05,0.00127713,0,8.0717e-06,1.61435e-05,0.0004421525
0.0340943448,0.000105931,0.0536198621,0.0093674483,0.0030444138,0.000110069,0.0347216552,0.0063070345,0.0030805517,0.0001508966,0.0094582069,0.0002248276,0.0179202759,0.0005045517,0.0038568276,1.37931e-05,0.0006297931,5.21379e-05,0.0172248276,0.002176,2.23448e-05,5.517e-07,0.0151009655,0.0007464828,0.0003376552,1.82069e-05,8e-06,8.276e-07,0.0025743448,4.88276e-05,0.0306477241,0.0154904828,0.0110325517,0.003430069,0.0055572414,0.0021671724,0.0458262069,0.0001428966,0.0007188966,0,0.0002336552,2.48276e-05,0.0016838621,1.10345e-05,0.0008264828,3.55862e-05,0.0020237241,2.759e-07,0.0014262069,8.08276e-05,0.003782069,3.2e-05,0.0006353103,0,0.0002394483,1.1034e-06,0.0212,0.0002245517,0.0009641379,0.0002954483,0.0017412414,3.72414e-05,0.0040394483,0.0002129655,0.0006777931,4.6897e-06,0.0389326897,0.0015274483,0.033248,0.000288,0.1724035862,0.0002609655,0.164449931,0.0009108966,0.0840071724,0.0004126897,0,0.0007644138,1.37931e-05,5.37931e-05,0.0002852414,9.87586e-05,0.0006692414,2.759e-07,0.0019326897,9.3793e-06,0.0009616552,5.517e-07,0.0008615172,2.4828e-06
7.64205e-05,0.0458025568,0.0053494318,0.0862136364,2.89773e-05,0.003771875,0.0016502841,0.0488639205,3.97727e-05,0.0093508523,0.0006392045,0.0070426136,0.0010911932,0.0223068182,3.23864e-05,0.0078505682,3.83523e-05,0.0007789773,0.0019505682,0.0271786932,0,1.1364e-06,0.0016289773,0.0179278409,5.3977e-06,0.0002940341,5.682e-07,1.13636e-05,0.0001696023,0.00095,0.0131758523,0.0194323864,0.0021377841,0.0094565341,0.0021048295,0.0041397727,6.25e-05,0.0181590909,3.125e-06,0.0001252841,0,0.0033818182,7.3864e-06,0.0007360795,3.52273e-05,0.0009400568,2.841e-07,0.0004173295,2.10227e-05,0.0040664773,2.21591e-05,0.0016338068,2.8409e-06,9.9432e-06,5.682e-07,0.0003786932,6.84659e-05,0.0191596591,7.84091e-05,0.0006275568,8.38068e-05,0.0001329545,3.60795e-05,0.0008724432,7.9545e-06,0.0001838068,0.0005227273,0.0052965909,0.0001789773,0.0251127841,0.0001474432,0.2927085227,0.001878125,0.1154431818,0.000465625,0.0236838068,0.0011071023,0,1.02273e-05,4.8295e-06,3.21023e-05,3.01136e-05,2.841e-07,0.0003667614,4.26136e-05,0.000746875,5.682e-07,0.0002147727,8.5227e-06,0.0001136364
0.0001069767,4.6512e-06,6.97674e-05,9.3023e-06,0,0,9.76744e-05,1.39535e-05,0,0,3.25581e-05,4.6512e-06,0.0001023256,0,0,0,0.2758418605,0,0,0,0,0,1.86047e-05,0,0,0,0,0,0.0505581395,0,2.32558e-05,9.3023e-06,0.0001162791,4.6512e-06,0.0002930233,5.11628e-05,0,4.6512e-06,2.7907e-05,0,0,0,2.32558e-05,0,6.51163e-05,4.6512e-06,1.39535e-05,0,4.6512e-06,0,4.65116e-05,0,4.6512e-06,0,0,0,0.0015953488,4.6512e-06,0.0002,2.7907e-05,0.0002046512,0,0.004172093,4.18605e-05,9.3023e-06,0,0.0015023256,0.0001023256,0,1.86047e-05,1.39535e-05,0,0.0014232558,1.39535e-05,0.0004093023,0,0.0003069767,1.86047e-05,0,4.6512e-06,0.2725627907,9.3023e-06,0,0,0.0138186047,0,1.39535e-05,0,0.0002837209,0
2.82353e-05,0.00044,1.17647e-05,0.00024,0,7.0588e-06,2.3529e-06,0.00012,0,7.0588e-06,2.3529e-06,0.0004188235,0,0.0001576471,0,7.0588e-06,0,0.0112235294,9.4118e-06,0.0001223529,0,0,2.3529e-06,2.11765e-05,0,0,0,0,2.3529e-06,0.2827388235,2.82353e-05,0.0001058824,0.0001270588,0.00164,0.0060305882,0.0145647059,0.00012,6.58824e-05,2.35294e-05,4.47059e-05,0,1.17647e-05,1.41176e-05,0.0004847059,4.47059e-05,0.0028470588,0,0.0008611765,3.05882e-05,0.0013670588,3.05882e-05,0.0014847059,4.7059e-06,0,2.3529e-06,8.23529e-05,0.0003388235,0.0005764706,0.0007223529,0.0049905882,0.0003247059,0.0003247059,0.0001694118,0.0190847059,9.4118e-06,0.0003294118,0.0037294118,0.0438258824,4e-05,0.0001247059,1.41176e-05,3.52941e-05,0.0004823529,0.0037458824,0.0002847059,0.0018847059,0.0005317647,0.0005929412,2.11765e-05,0,0.0001270588,0.3322,0,1.88235e-05,9.64706e-05,0.00036,0,0,1.41176e-05,7.52941e-05
0.0003738516,1.44876e-05,0.0006787986,9.15194e-05,5.6537e-06,1.7668e-06,0.0014876325,5.86572e-05,3.5336e-06,2.4735e-06,0.0007339223,1.06007e-05,0.0025667845,4.947e-06,1.73145e-05,2.8269e-06,0.012660424,2.1201e-06,3.5689e-05,1.59011e-05,0,0,0.0001342756,9.894e-06,2.4735e-06,0,1.4134e-06,0,0.0011074205,5.3004e-06,0.0002597173,0.0001409894,8.86926e-05,1.09541e-05,0.0048717314,0.0017628975,0.000244523,9.54064e-05,0.0002091873,1.0601e-06,2.4735e-06,2.50883e-05,0.0019123675,1.16608e-05,0.0033826855,5.053e-05,0.0016190813,7.067e-07,0.0023699647,0.0001166078,0.0147243816,3.85159e-05,0.0047106007,0,0.0006402827,2.1201e-06,0.0010526502,2.61484e-05,0.0008318021,0.0001003534,0.0005784452,1.41343e-05,0.0614,8.12721e-05,0.013224735,1.0601e-06,0.0137091873,0.000814841,2.61484e-05,2.26148e-05,4.62898e-05,2.33216e-05,0.0067183746,8.55124e-05,0.0014773852,0.0001766784,0.0007512367,8.16254e-05,0.0227378092,2.54417e-05,0,4.0636e-05,0.0034371025,7.067e-07,0.2165579505,3.8869e-06,5.90106e-05,1.0601e-06,0.0032144876,1.0601e-06
1.34351e-05,0.0001178626,1.46565e-05,0.0002161832,1.2214e-06,4.5802e-06,2.7481e-06,0.0001071756,0,1.2214e-06,1.2214e-06,0.0008326718,1.8321e-06,0.0002427481,3.053e-07,1.09924e-05,3.053e-07,0.0087850382,3.3588e-06,5.03817e-05,0,0,4.8855e-06,4.15267e-05,6.107e-07,1.2214e-06,0,3.053e-07,3.0534e-06,0.0348867176,2.68702e-05,0.0001044275,5.8626e-05,0.0004677863,0.0033465649,0.0084778626,7.54198e-05,0.000328855,6.7176e-06,0.0001370992,0,6.7176e-06,3.6641e-06,0.0014641221,2.87023e-05,0.003579542,1.8321e-06,0.0006851908,2.38168e-05,0.010591145,2.77863e-05,0.0051557252,3.9695e-06,3.38931e-05,1.2214e-06,0.0004338931,0.0001767939,0.0004387786,0.000420458,0.0022842748,0.0001780153,0.0002705344,0.0001053435,0.0518754198,6.7176e-06,0.0023548092,0.0019832061,0.0193807634,4.64122e-05,5.55725e-05,1.55725e-05,3.23664e-05,0.0002827481,0.0032461069,0.0001731298,0.0012705344,0.000280916,0.0003422901,1.64885e-05,0.1055700763,6.99237e-05,0,0,0.0143541985,6.68702e-05,0.0324,9.16e-07,8.855e-06,1.09924e-05,0.0006952672
1.6e-06,0,1.12e-05,0,0.0004576,0,8e-06,0,6.4e-06,0,1.44e-05,0,9.6e-06,0,0.0073504,0,0,0,1.6e-06,0,3.2e-06,0,1.6e-06,0,0.0001024,0,0.0001872,0,0.0046352,0,1.6e-06,1.6e-06,0,0,2.4e-05,1.92e-05,0.0136512,0,0.0071088,0,0.0068128,0,0.001192,0,7.84e-05,0,0.0029648,0,0.0002192,4.8e-06,0.0014848,1.6e-06,0.0009488,0,0.0069792,0,8e-06,0,1.6e-06,1.6e-06,3.2e-06,1.6e-06,6.08e-05,0,6.24e-05,0,2.24e-05,1.12e-05,0,0,3.04e-05,0,0.0003072,0,2.4e-05,1.6e-06,0.0009264,0,0,0,0.0202864,0,0,0,0.0521824,0,0.0597664,0,0.0064272,0
0,0,0,7.2727e-06,0,0.003590303,0,7.2727e-06,0,9.21212e-05,0,1.2121e-06,0,8.4848e-06,0,4.48485e-05,0,0,0,2.4242e-06,0,0.0007793939,0,1.2121e-06,0,6.0606e-06,0,9.21212e-05,0,0.0262436364,1.2121e-06,1.2121e-06,0,0,8.4848e-06,1.81818e-05,0,0.05632,0,0.0548036364,0,0.082350303,2.4242e-06,0.001,0,2.66667e-05,0,0.0011163636,0,0.0001563636,0,3.39394e-05,0,1.93939e-05,0,0.0048351515,0,0,0,0,0,2.4242e-06,0,1.69697e-05,0,1.2121e-06,0,1.81818e-05,0,0,0,3.27273e-05,1.2121e-06,0.000969697,0,2.30303e-05,1.2121e-06,0.0014278788,0,8.4848e-06,0,0.0502121212,0,0,0,0.0079042424,0,0.0826569697,0,0.0010084848
0.0007328704,5.787e-06,0.0010828704,0.0001511574,3.72685e-05,9.259e-07,0.0023662037,9.58333e-05,4.3981e-06,1.1574e-06,0.0019398148,7.1759e-06,0.0034127315,9.0278e-06,2.84722e-05,1.6204e-06,0.000212037,1.6204e-06,8.21759e-05,2.91667e-05,1.3889e-06,0,0.0001645833,2.4537e-05,1.41204e-05,2.315e-07,1.45833e-05,2.315e-07,0.0003891204,2.5463e-06,0.0004289352,0.0002446759,6.43519e-05,1.73611e-05,0.0016756944,0.0006122685,0.0028625,2.84722e-05,0.0010803241,0,8.77315e-05,6.9444e-06,0.0028381944,4.3981e-06,0.0014743056,2.01389e-05,0.0052534722,4.63e-07,0.0013358796,5.13889e-05,0.0414787037,1.75926e-05,0.0040731481,0,0.0024162037,0,0.0018928241,9.0278e-06,0.0004731481,3.77315e-05,0.0016925926,4.6296e-06,0.0184041667,2.26852e-05,0.0264868056,1.1574e-06,0.005200463,0.0003131944,2.93981e-05,8.7963e-06,5.13889e-05,1.15741e-05,0.0030900463,3.84259e-05,0.0010407407,5.83333e-05,0.0009907407,4.02778e-05,0.0003743056,8.7963e-06,0.1212435185,1.43519e-05,0.007544213,0,0,2.0833e-06,0.0142803241,0,0.0633041667,0
0,0.0002379349,1.50393e-05,0.0002276094,4.489e-07,4.7138e-05,1.7957e-06,0.0001156004,0,4.24242e-05,1.3468e-06,0.0010500561,8.979e-07,0.0002466891,0,6.48709e-05,2.245e-07,0.0002924804,4.9383e-06,6.12795e-05,0,0,3.367e-06,3.29966e-05,0,1.3468e-06,2.245e-07,6.734e-07,6.734e-07,0.0006722783,3.50168e-05,6.12795e-05,4.4893e-06,4.10774e-05,0.000169248,0.0003569024,3.5915e-06,0.0228518519,6.734e-07,0.0023007856,0,0.0006700337,8.7542e-06,0.0069088664,2.6936e-06,0.0006803591,2.245e-07,0.0039342312,2.9181e-06,0.0105894501,4.7138e-06,0.0654484848,8.979e-07,0.0035485971,2.245e-07,0.0100920314,4.9383e-06,0.0004087542,9.6521e-06,8.88889e-05,7.4074e-06,0.0060460157,4.0404e-06,0.0246199776,2.245e-07,0.0448473625,5.23008e-05,0.0006758698,6.734e-07,7.8563e-06,1.3468e-06,4.35466e-05,1.93042e-05,0.001824018,9.8765e-06,0.0006071829,8.5297e-06,0.000420651,8.979e-07,0.0001459035,3.367e-06,0.0383418631,2.245e-07,0.001918743,2.6936e-06,0,2.245e-07,0.0086585859,6.734e-07,0.0507948373
3.3058e-06,0,6.6116e-06,1.6529e-06,5.78512e-05,0,1.15702e-05,1.6529e-06,1.6529e-06,0,1.32231e-05,0,1.65289e-05,0,4.9587e-06,0,0,0,3.3058e-06,0,1.6529e-06,0,1.6529e-06,0,9.9174e-06,0,1.4876e-05,0,0.000168595,0,1.6529e-06,1.6529e-06,3.3058e-06,0,2.47934e-05,1.15702e-05,0.0148495868,3.3058e-06,0.002138843,0,0.0002528926,0,0.001353719,0,0.0001041322,1.6529e-06,0.0035603306,0,0.0002892562,0,0.0017421488,0,0.0011454545,0,0.0095719008,0,1.4876e-05,0,0,0,9.9174e-06,0,7.93388e-05,0,8.76033e-05,0,2.64463e-05,6.6116e-06,1.6529e-06,0,2.97521e-05,0,0.0003438017,0,1.32231e-05,1.6529e-06,0.0015272727,0,0,0,9.09091e-05,0,0.0772512397,0,0.0800214876,1.6529e-06,0,0,0.0184,0
0,0,0,3.5398e-06,0,8.84956e-05,0,1.9469e-05,0,5.30973e-05,0,1.7699e-06,0,1.76991e-05,0,8.49558e-05,0,0,0,0,0,1.7699e-06,0,0,0,1.7699e-06,0,3.5398e-06,0,9.20354e-05,0,0,0,0,4.77876e-05,6.0177e-05,3.5398e-06,0.0753876106,0,0.0231380531,0,0.0457486726,1.06195e-05,0.0040902655,0,8.67257e-05,0,0.0046106195,1.7699e-06,0.0004318584,0,7.61062e-05,0,5.66372e-05,0,0.0433522124,0,0,0,1.7699e-06,1.7699e-06,0,1.7699e-06,1.06195e-05,1.7699e-06,1.7699e-06,5.3097e-06,2.65487e-05,0,0,0,3.00885e-05,3.5398e-06,0.000520354,1.7699e-06,0.0001787611,0,0.0004884956,0,1.7699e-06,0,1.41593e-05,0,0.102139823,1.7699e-06,0.0431115044,0,0,1.7699e-06,0.0378690265
0.0001516,0,0.0001596,1.36e-05,5.4e-05,4e-07,0.0002772,1e-05,2.4e-06,4e-07,0.000292,1.2e-06,0.0002988,2.4e-06,1.16e-05,4e-07,1.44e-05,0,1.72e-05,2.8e-06,3.2e-06,0,1e-05,8e-07,1.32e-05,0,2.68e-05,0,0.0001292,0,4.16e-05,2.24e-05,8e-06,3.2e-06,0.0003696,0.0002996,0.0174284,2.8e-06,0.0070792,4e-07,0.0002996,1.6e-06,0.007262,1.08e-05,0.0007248,3.48e-05,0.0175196,0,0.0020096,7.96e-05,0.0271376,1.6e-05,0.0270608,4e-07,0.1039852,4e-07,0.00061,2.4e-06,5.16e-05,0,0.0005128,8e-07,0.00335,1.6e-06,0.0036288,0,0.000426,0.0001728,3.6e-06,1.6e-06,3.12e-05,4e-07,0.001288,5.6e-06,0.0004348,1e-05,0.0005364,4.4e-06,3.2e-06,8e-07,0.0006416,8e-07,0.0028852,0,0.1201836,0,0.0027904,0,0,4e-07
0,8.35777e-05,5.865e-07,3.66569e-05,0,8.7977e-06,2.933e-07,1.43695e-05,0,5.2786e-06,2.933e-07,0.0001002933,2.933e-07,2.46334e-05,0,1.34897e-05,0,2.78592e-05,8.798e-07,9.9707e-06,0,0,0,2.9326e-06,0,0,0,5.865e-07,0,7.56598e-05,4.3988e-06,5.5718e-06,8.798e-07,4.6921e-06,6.30499e-05,9.64809e-05,1.4663e-06,0.0210844575,0,0.0127357771,0,0.0010093842,1.31965e-05,0.013131085,3.8123e-06,0.0012692082,8.798e-07,0.0068237537,7.9179e-06,0.0169360704,1.05572e-05,0.0107052786,2.346e-06,0.0358592375,8.798e-07,0.1345668622,0,0.0001117302,0,9.6774e-06,2.933e-07,0.0003557185,0,0.0004762463,2.933e-07,0.0019278592,1.81818e-05,0.0001093842,0,1.4663e-06,0,9.6774e-06,2.6393e-06,0.0005041056,1.4663e-06,0.0003683284,2.9326e-06,5.21994e-05,0,5.71848e-05,5.865e-07,0.0005158358,0,0.0002085044,1.173e-06,0.0810756598,0,0.0079627566,2.346e-06,0
